#------------------------------------------------------------
#        Script MySQL.
#------------------------------------------------------------

create or replace database QCMPOC;
#------------------------------------------------------------
# Table: user
#------------------------------------------------------------
use QCMPOC;

CREATE or replace TABLE user(
        idUser int (11) Auto_increment  NOT NULL ,
        nom    Varchar (30) ,
        prenom Varchar (30) ,
        PRIMARY KEY (idUser )
)ENGINE=InnoDB;


#------------------------------------------------------------
# Table: topic
#------------------------------------------------------------

CREATE or replace TABLE topic(
        idTopic          int (11) Auto_increment  NOT NULL ,
        nameTopic        Varchar (100) ,
        descriptionTopic Varchar (1000) ,
        PRIMARY KEY (idTopic )
)ENGINE=InnoDB;


#------------------------------------------------------------
# Table: questions
#------------------------------------------------------------

CREATE or replace TABLE questions(
        idQuestion   int (11) Auto_increment  NOT NULL ,
        question_nlg Varchar (1000) ,
        good_answer  Varchar (1000) ,
        distractor_1 Varchar (1000) ,
        distractor_2 Varchar (1000) ,
        distractor_3 Varchar (1000) ,
        idTopic      Int NOT NULL ,
        PRIMARY KEY (idQuestion)
)ENGINE=InnoDB;


#------------------------------------------------------------
# Table: score
#------------------------------------------------------------

CREATE or replace TABLE score(
        score       Int ,
        idUser      Int NOT NULL ,
        idTopic     Int NOT NULL ,
        PRIMARY KEY (idUser ,idTopic )
)ENGINE=InnoDB;

ALTER TABLE questions ADD CONSTRAINT FK_questions_idTopic FOREIGN KEY (idTopic) REFERENCES topic(idTopic);
ALTER TABLE score ADD CONSTRAINT FK_score_idUser FOREIGN KEY (idUser) REFERENCES user(idUser);
ALTER TABLE score ADD CONSTRAINT FK_score_idTopic FOREIGN KEY (idTopic) REFERENCES topic(idTopic);


#------------------------------------------------------------
# alimentation database
#------------------------------------------------------------
#------------------------------------------------------------
# Table: user
#------------------------------------------------------------
insert into user values(1,"user1","user1"),(2,"user2","user2"),(3,"user3","user3");

#------------------------------------------------------------
# Table: topic
#------------------------------------------------------------

insert into topic values(1,"Arts",""),(2,"Sciences",""),(3,"Society",""),(4,"Religion",""),(5,"Sports",""),(6,"History",""),(7,"Geography","") ;


#------------------------------------------------------------
# Table: questions
#------------------------------------------------------------



INSERT INTO questions(question_nlg, good_answer, distractor_1, distractor_2, distractor_3, idTopic) VALUES ('What things did Adolph Rickenbacker invent?','Electric guitar','Piano','Betamax','Synthesizer',1),
('What are the most common religions in the Austria?','Catholicism','Historical Vedic religion','Han Dynasty','Industry Standard Architecture',2),
('Who did Christian Bale play in Batman Begins?','Batman','Sonic the Hedgehog','John Connor','Julian Assange',3),
('What form of government does Washington, D.C. use?','Council of the District of Columbia','U.S. National Park Service','Unincorporated area','Supreme Court of the United States',1),
('Who plays God in Star Trek V: The Final Frontier?','George Murdock','Ronald Reagan','William Shatner','Harve Bennett',4),
('What is the language used in Malta?','English Language','Maltese Language','French Language','German Language',3),
('What school did Indonesia establish?','World Trade Organization','National Hockey League','National Football League','British Broadcasting Corporation',5),
('What continent is Land of Israel apart of?','Israel','Acre','Jerusalem','Haifa',4),
('What is Godfrey Dewey''s dad''s name?','Melvil Dewey','Barack Obama','William Shakespeare','Diana, Princess of Wales',1),
('What is the name of the first prophet of Abrahamic religions?','Abraham','Akbar','Muhammad','Jesus Christ',4),
('What is the name of the money used in Canada?','Canadian dollar','Euro','United States Dollar','UK £',3),
('Where is Babe Ruth buried?','New York City','Saint Vincent''s Catholic Medical Center','Mount Sinai Hospital','NYU Langone Medical Center',2),
('What did Robert Cailliau invented?','World Wide Web','Ethernet','Internet Protocol','Web browser',3),
('What does Michael Spinks compete in?','Boxing','Archery','Fencing','Judo',6),
('What type of music did The Chantays play?','Rock music','Punk rock','Alternative rock','Folk music',1),
('What did Chaitanya Mahaprabhu conducted his experiments on?','Siksastaka','Bhagavata Purana','Ramayana','Mahabharata',4),
('What team does Michael Phelps play for now?','North Baltimore Aquatic Club','Manchester United F.C.','Liverpool F.C.','England national football team',5),
('What are the major cities in United Kingdom?','London','Edinburgh','Cardiff','Belfast',3),
('What else did Toshiba invent?','DVD','World Wide Web','Television','Microsoft Windows',2),
('What is Harriman High School mascot?','Devil','Rocky','Unicorn','Demon',1),
('What is the capital of Paris state?','Paris','Toronto','Rome','Vienna',3),
('What countries did Atisa work?','India','Japan','China','Sri Lanka',4),
('What continent do the Sunset Boulevard belong to?','Los Angeles','Hollywood','Vermont Avenue','Beverly Boulevard',1),
('What is the mascot of Richard Montgomery High School?','Rocket','Handsome Dan','Demon Deacon','Bucky Badger',2),
('What country is the name Cesar Cui from?','Russia','Azerbaijan','Kazakhstan','Iran',2),
('What technique did Brian Eno use in his paintings?','Contemporary art','Minimalism','Romanticism','Fluxus',1),
('What is Bill Clinton''s son''s name?','Chelsea Clinton','George W. Bush','Hillary Rodham Clinton','George H. W. Bush',4),
('What movie is Shogo Tomiyama directing?','Godzilla: Final Wars','Godzilla Against Mechagodzilla','Godzilla vs. SpaceGodzilla','Godzilla vs. King Ghidorah',6),
('Who plays Hector in Troy?','Eric Bana','Bob Dylan','John Perry Barlow','Phil Collins',1),
('What language do they Italy?','Italian Language','Ladino Language','Romanian Language','German Language',7),
('Who plays Heracles in Hercules and the Princess of Troy?','Gordon Scott','Bob Dylan','John Perry Barlow','Phil Collins',1),
('What language do the people in United Kingdom speak?','English Language','Cornish Language','Ladino Language','German Language',7),
('What country is the name Asha Bhosle from?','India','China','Brazil','Russia',2),
('What is time zone in Rome?','Central European Time Zone','Mauritius Time Zone','Greenwich Mean Time Zone','Vladivostok Standard Time',1),
('What country is the name John French, 1st Earl of Ypres from?','United Kingdom','France','United States of America','Germany',6),
('What countries did Benjamin Franklin work?','United States of America','China','India','Soviet Union',3),
('What state is Barack Obama from?','Illinois','Holy Roman Empire','Williamsburg','Rome',4),
('What is John Pope''s dad''s name?','Nathaniel Pope','Abraham Lincoln','Ulysses S. Grant','Robert E. Lee',6),
('Where was the first Lifespring located?','United States of America','Los Alamos','Trinity College','Oak Ridge',6),
('What wars did Neil Armstrong lead?','Korean War','French intervention in Mexico','United States Exploring Expedition','Six-Day War',2),
('What are the primary languages of Nazi Germany?','German Language','Instant messaging','Controlled natural language','Greco-Iberian alphabet',2),
('Who did Pancho Villa play in twilight?','The Life of General Villa','Lawrence of Arabia','Schindler''s List','Gone with the Wind',6),
('What is the language used in Lesotho?','English Language','Swedish Language','Chinese language','Ancient Greek',3),
('Who plays Superman in Superman II: The Richard Donner Cut?','Christopher Reeve','Isaac Newton','Arthur C. Clarke','Richard Feynman',2),
('With which countries does Iran trade?','Madagascar','Malaysia','Pakistan','Egypt',4),
('What is the time zone in France?','Central European Time Zone','Greenwich Mean Time Zone','Coordinated Universal Time','Eastern European Time Zone',3),
('What state did Jose Lopez Portillo represent?','Mexico','Peru','Brazil','South Africa',2),
('Who plays Sherlock Holmes in The Masks of Death?','Peter Cushing','Nelson Mandela','Ronald Reagan','Marilyn Monroe',2),
('Who plays Superman in Superman and the Mole Men?','George Reeves','Isaac Newton','Arthur C. Clarke','Richard Feynman',2),
('Where did Georgia happen?','United States of America','Atlanta','Georgia State University','Atlanta metropolitan area',6),
('What are the major religions in Lormi?','Hinduism','Buddhism','Korean Buddhism','Jainism',4),
('What type of music did Frank Loesser play?','Musical theatre','Barbershop music','A cappella','Fitness',2),
('What part of the world is Sikkim in?','India','Chandigarh','Hyderabad','Gurgaon',2),
('What is the capital of Paris state?','Paris','Toronto','Rome','Vienna',7),
('What form of government does Roman Empire have?','Autocracy','Puppet state','Dependent territory','Colonialism',6),
('What role did Sony Corporation play in the abolition movement?','Sony Mobile Communications','Columbia Pictures','Sony/ATV Music Publishing','TriStar Pictures',1),
('What is the Pittsburgh Classical Academy Middle School mascot?','Knight','Devil','Demon','Privateer',1),
('What city is the state capital of Western Australia?','Perth','Melbourne','Rome','Sydney',1),
('Where was Wilhelm Wien from?','Germany','Hungary','Weimar Republic','Austria',2),
('What state was Theodore Roosevelt elected from?','United States of America','New York','Pennsylvania','California',6),
('What continent do the National Library of France belong to?','Paris','France','European Union','Centre Georges Pompidou',6),
('Where was Jesus Christ buried?','Church of the Holy Sepulchre','Jerusalem','Rome','Paris',4),
('What state was George Washington governor of?','United States of America','Virginia','Kingdom of Great Britain','Texas',6),
('What movie is Matt Groening directing?','The Simpsons Movie','Blade Runner','Star Wars Episode IV: A New Hope','Star Wars Episode VI: Return of the Jedi',2),
('Where is John Searle from?','United States of America','Nazi Germany','Nigeria','Soviet Union',3),
('What illness does Ronald Reagan have?','Alzheimer''s disease','Tuberculosis','Pneumonia','Cancer',2),
('What is the name of the first prophet of Islam?','Muhammad','Martin Luther','Gautama Buddha','Jesus Christ',3),
('What is the state flag of United States of America called?','Flag of the United States','Flag of Nova Scotia','Flag of Japan','Moldova',6),
('What is the Ohio State University mascot?','Ohio State University Brutus Buckeye','Fire','Demon','Dragon',2),
('What type of currency is used in Germany?','Euro','Turkish lira','Nintendo Points','German Reichsmark',6),
('What company did Bill Gates work for?','Microsoft Corporation','Skype Technologies','YouTube','MSNBC',3),
('What country is the name Carl Linnaeus from?','Sweden','Mughal Empire','Pakistan','Sparta',1),
('What are the airports in Japan?','Naval Air Facility Atsugi','Kansai International Airport','Narita International Airport','Haneda Airport',6),
('What wars did Mordechai Gur lead?','Six-Day War','French intervention in Mexico','United States Exploring Expedition','Gunfight at the O.K. Corral',2),
('What state was David Lloyd George governor of?','United Kingdom','France','United States of America','Germany',6),
('Where did Salil Chowdhury started his career?','India','Goa','Varanasi','Ganges',4),
('What is the language called in Russia?','Russian Language','Persian Language','Georgian Language','Finnish Language',7),
('What district does James Monroe represent?','Virginia','Florida','Williamsburg','Frederick County',6),
('What team does Mike Schmidt play for now?','Philadelphia Phillies','Chicago Cubs','New York Yankees','Boston Red Sox',5),
('What city is the state capital of Paris?','Paris','Munich','Vienna','Rome',7),
('What is the capital of New South Wales state?','Sydney','Rome','Vienna','Boston',3),
('What team did Galileo Galilei play for first?','University of Padua','Ordnance Survey','Paris Observatory','World Health Organization',2),
('What are the major religions in France?','Catholicism','Atheism','Christianity','Animism',2),
('What is Big Bill Morganfield''s dad''s name?','Muddy Waters','Bob Dylan','Chuck Berry','Wolfgang Amadeus Mozart',1),
('Where does Carl Linnaeus live now?','Rashult','Moshav','White House','Byzantium',2),
('What state did Julie Christie represent?','India','Chandigarh','Hyderabad','Taj Mahal',2),
('What state is Ottawa in?','Ontario','Kenya','Rome','Paris',3),
('What is the major language of Germany?','German Language','Sepa Language','Palauan Language','Alabama Language',6),
('What is the language called in Russia?','Russian Language','Doukhobor Russian','Ye-Maek language','Maojia dialect',6),
('Who does New Zealand import from?','China','Australia','United States of America','United Kingdom',5),
('What country does Chicago come under?','United States of America','Roman Empire','Kenya','Nigeria',3),
('What is Prince Edward, Duke of Kent and Strathearn''s son''s name?','Queen Victoria','Charlotte of Mecklenburg-Strelitz','George III of the United Kingdom','Princess Victoria of Saxe-Coburg-Saalfeld',3),
('What country is the name Barry Bonds from?','United States of America','Second Philippine Republic','Holy Roman Empire','Guernsey',5),
('What state did Heinrich Himmler represent?','Nazi Germany','Banjul','Bang Kaeo District','Defensive fighting position',2),
('What is A. E. Becquerel''s son''s name?','Antoine Henri Becquerel','Isaac Newton','Richard Feynman','Marie Curie',2),
('What is Sivaji Ganesan party?','Indian National Congress','All Media Guide','Internet Archive','YouTube',1),
('What is Muhammad Ali Jinnah''s son''s name?','Dina Wadia','Maryam Jinnah','Muhammad Iqbal','Fatima Jinnah',4),
('What are the major religions in France?','Catholicism','Judaism','Atheism','Sikhism',2),
('Where was the first Lifespring located?','United States of America','Eugene','Lake Placid','Hawaii',5),
('What did Sigmund Freud die off?','Euthanasia','Genocide','Alzheimer''s disease','Suicide',3),
('What city is the Ramakrishna Mission in?','Belur Math','Bhutan','Nepal','Lahore',4),
('What kind of government does Hungary have today?','Parliamentary republic','Democracy','Unitary state','Parliamentary system',2),
('What are the major religions practiced in Vatican City?','Catholicism','Anglicanism','Christianity','Eastern Orthodox Church',4),
('What are the name of Vajiravudh sons?','Bejaratana Rajasuda','Mongkut','Chulalongkorn','Prajadhipok',4),
('What money system does Australia use?','Australian pound','Slovenian tolar','Malawian kwacha','East Caribbean dollar',5),
('What type of music was Glyn Johns noted for?','Rock music','Piano','Alternative rock','Folk music',1),
('What is the name of the first prophet of Confucianism?','Confucius','Gautama Buddha','Muhammad','Jesus Christ',3),
('Who plays Superman in Superman: Doomsday?','Adam Baldwin','Isaac Newton','Arthur C. Clarke','Richard Feynman',2),
('What is the newspaper in Vatican City?','L''Osservatore Romano','Deseret News','The Boston Globe','The Washington Times',4),
('Where did China originate?','Asia','Central Institute for Correctional Police','Soviet Union','Library of Congress',3),
('What district does Theodore Roosevelt represent?','United States of America','Alaska','Hawaii','Texas',2),
('What are the major languages in Russia?','Russian Language','Arin language','Pumpokol language','Udihe Language',2),
('What is the main language of Czech Republic?','Czech Language','Greek Language','Koine Greek','Korean Language',2),
('What religion did David Hilbert follow?','Lutheranism','Church of God in Christ','Anglican Episcopal Church of Brazil','Universalist Church of America',2),
('What is Earth named for?','Planet','Comet','Universe','Star',2),
('What is the main language of Ottoman Empire?','Ottoman Turkish language','Arabic Language','Kazakh Language','Kyrgyz language',4),
('What are the official languages of Wales?','English Language','Greek Language','French Language','German Language',7),
('What is the capital of Bangladesh state?','Dhaka','Almeria','Pakistan','Cordoba',4),
('Where did United Kingdom originate?','Europe','HMS Philomel','HMS Natal','Caversfield',6),
('What state did Edmund Barton represent?','Australia','City of Sydney','Western Australia','South Australia',1),
('What are the main languages spoken in Hungary?','Hungarian language','Greek Language','Koine Greek','Korean Language',2),
('What countries did Chaitanya Mahaprabhu work?','India','Mughal Empire','Bhutan','Nepal',4),
('What is the name of the first prophet of Confucianism?','Confucius','Martin Luther','Gottfried Wilhelm von Leibniz','Jesus Christ',1),
('What form of government does Soviet Union use?','Central Committee of the Communist Party of the Soviet Union','Unincorporated area','Cape Town City Council','U.S. Federal Communications Commission',3),
('What illnesses did Diana, Princess of Wales have?','Bulimia nervosa','Dyslexia','Breast cancer','Schizophrenia',1),
('What sport does Daisuke Matsuzaka compete in?','Baseball','College baseball','Softball','Pesapallo',5),
('What state did Randy Johnson live in?','Walnut Creek','Pittsfield','Cooperstown','Wickham Market',5),
('Which states does the San Francisco-Oakland Bay Bridge pass through?','Yerba Buena Island','Columbia','Washington and Lee University','Kerala',1),
('What part of the world is Passamaquoddy Indian Township Reservation in?','United States of America','Wake Island','Harvard University','Princeton University',6),
('What is the name of the first prophet of Confucianism?','Confucius','Martin Luther','Muhammad','Jesus Christ',4),
('What language does people in Greece speak?','Greek Language','Akkadian language','Koine Greek','Korean Language',2),
('What countries did Dayton Miller work in?','United States of America','San Francisco','New York City','Washington, D.C.',3),
('Where did Donald Davies die?','Esher','Broadcasting House','Universal Studios','Googleplex',3),
('Where is the Microsoft Corporation located?','Washington','Broadcasting House','Universal Studios','Googleplex',3),
('What language do South Korea use?','Korean Language','English Language','Russian Language','German Language',2),
('What movie is Jun Fukuda directing?','Godzilla vs. Mechagodzilla','Son of Godzilla','Godzilla vs. Gigan','Godzilla vs. Megalon',6),
('What music did Arthur Conley compose?','Soul music','Rhythm and blues','Blues','Gospel music',2),
('What state did Richard Nixon represent?','United States of America','Gdansk','Iragna','Sham Shui Po',2),
('What is the capital of Hawaii state?','Honolulu','Garmisch-Partenkirchen','Venice','Inverness',5),
('What countries did Ken Ishikawa work in?','Tochigi','Splash Mountain','Matterhorn Bobsleds','Infrared Space Observatory',2),
('What does Mia Hamm compete in?','Football','Golf','Ice Hockey','Cycling',2),
('Who helped form the Universal Music Group?','Jimmy Iovine','Trent Reznor','Doug Morris','Peter Gabriel',1),
('What state was Henry Kissinger governor of?','United States of America','Deadwood','Jamestown','Paris',3),
('What things did Hermann von Helmholtz invent?','Helmholtz resonator','Laser','Clinical trial','Distillation',2),
('What business does Padmasambhava do?','Philosopher','Tulku','Lama','Abbot',4),
('What is Calvin College mascot?','Knight','Devil','Demon','Dragon',1),
('What state is Sydney in?','New South Wales','Virginia','Florida','Texas',6),
('What is Israel time zone?','Israel Time Zone','West Africa Time Zone','Hong Kong Time Zone','China Time Zone',4),
('What is the name of the first prophet of Islam?','Muhammad','Martin Luther','Saint Peter','Jesus Christ',4),
('What language do the speak in Sweden?','Swedish Language','Northern Ireland Sign Language','Controlled natural language','Kumak Language',2),
('What type of government system does Roman Empire have?','Autocracy','Democracy','Absolute monarchy','Dependent territory',3),
('What states does the Mount Pisgah flow through?','Buncombe County','Florida','North Carolina','Haywood County',6),
('In what country is New York City?','United States of America','Roman Empire','British Raj','Indonesia',1),
('What is the name of the first prophet of Zen?','Bodhidharma','Confucius','Muhammad','Jesus Christ',3),
('What religion did Joseph Stalin follow?','Atheism','Sikhism','Vaishnavism','Bhakti',1),
('What was Bertrand Meyer job?','Computer Scientist','Advertising','Video game development','Video game publishing',2),
('What illness does Frank Sinatra have?','Bipolar disorder','Dyslexia','Developmental coordination disorder','Paranoia',1),
('What team does Bill Cosby play for now?','Temple Owls football','New York Knicks','New York Liberty','New York Rangers',1),
('What language do Kingdom of Greece use?','Greek Language','Koine Greek','Ancient Greek','Korean Language',2),
('What country is the name Dorothea Lange from?','United States of America','Lordship of Ireland','Democratic Republic of the Congo','Dominica',1),
('What state did Winston Churchill represent?','United Kingdom','Nazi Germany','United States of America','Soviet Union',6),
('What is currency in Indonesia?','Indonesian rupiah','Khaleeji','Sao Tome and Principe escudo','Lombardy-Venetia pound',1),
('What war was Winston Churchill president for?','World War II','Iraq War','Racism','Free software',3),
('In what timezone is Lake District?','Greenwich Mean Time Zone','Coordinated Universal Time','Central European Time Zone','Eastern Time Zone',2),
('What highschool did Qubilah Shabazz go to?','Princeton University','University of Virginia','California Institute of Technology','National Institutes of Health',2),
('Where was the first Lifespring located?','United States of America','Berkeley','Cambridge','Boston',3),
('What money system does Pakistan use?','Indian rupee','French franc','Argentine austral','Greek drachma',1),
('What are the airports in Japan?','Naval Air Facility Atsugi','Rotuma Airport','Tribhuvan International Airport','Meadow Lake Airport',4),
('What continent do the National Library of France belong to?','Paris','France','European Union','Centre Georges Pompidou',2),
('Who plays Superman in Superman II: The Richard Donner Cut?','Christopher Reeve','Terence Stamp','Gene Hackman','Marlon Brando',1),
('What is the name of the capital of Russia?','Moscow','Caspian Sea','Oka River','Kama River',2),
('What is Anne Bacon''s son''s name?','Francis Bacon','Niccolo Machiavelli','Thomas Jefferson','Diana, Princess of Wales',1),
('What main language do they speak in Syria?','Arabic Language','Ladino Language','Kazakh Language','Kyrgyz language',4),
('Who plays Petruchio in Taming of the Shrew?','Douglas Fairbanks','Andy Warhol','Marilyn Monroe','Mary Pickford',1),
('What are the major languages in Germany?','German Language','Romanian Language','Luxembourgish language','Frisian languages',7),
('What illnesses did Nelson Mandela suffer from?','Prostate cancer','Tuberculosis','Pneumonia','Cancer',2),
('What is the currency name of China?','Renminbi','Greek lepton','Ripple','Bitcoin',3),
('What school did Albert Goodwill Spalding establish?','National League','New York Mets','Kansas City Royals','American League',5),
('Who is the owner of the South Sydney Rabbitohs?','Russell Crowe','Will Smith','Jennifer Lopez','Bill Murray',1),
('What is the Druid Hills High School mascot?','Devil','Mr. Met','Privateer','Warrior',3),
('What company did Jeff Idelson work for?','National Baseball Hall of Fame and Museum','Major League Baseball','San Diego Padres','Kansas City Royals',5),
('What is Katharina Kepler''s son''s name?','Johannes Kepler','Isaac Newton','Herodotus','Plutarch',2),
('What country does New York City come under?','United States of America','France','United Kingdom','India',2),
('What is Jupiter named for?','Planet','Asteroid','Comet','Star',2),
('What state did Ali Khamenei represent?','Iran','Israel','Pakistan','Egypt',4),
('What style of art is Tony Bennett?','Painting','Performance','Bass guitar','Jazz',1),
('In what country is Chukha District?','Bhutan','Mughal Empire','Sikh Empire','Nepal',4),
('What continent do the Austria-Hungary belong to?','Europe','France','United States of America','United Kingdom',6),
('What countries did Mark Twain work?','United States of America','France','Canada','United Kingdom',2),
('What continent is Bavaria apart of?','Germany','Berchtesgaden','Munich','Regensburg',7),
('Where is Babe Ruth from?','Pigtown','Pittsfield','National Baseball Hall of Fame and Museum','Cooperstown',5),
('What is Adolphe-Charles Adam''s dad''s name?','Louis Adam','Richard Wagner','William Shakespeare','Aristotle',1),
('What is the capital of Austria state?','Vienna','Melbourne','Rome','Sydney',2),
('What continent do the Johns Hopkins Hospital belong to?','Baltimore','Ohio State University','Sardinia','White House',2),
('What is James Mill''s son''s name?','John Stuart Mill','Bertrand Russell','Aristotle','Plato',3),
('Where was the first International Organization for Standardization located?','Geneva','United States of America','Rome','Paris',3),
('What highschool did Edward Steichen go to?','Academie Julian','Pratt Institute','Warburg Institute','Washington and Lee University',1),
('Where was Amazon.com an international environmental organization founded?','Bellevue','Columbia','National Library of Australia','Jackson',1),
('With which countries does Malaysia trade?','United States of America','Taiwan','Germany','Russia',6),
('What is Mircea II of Wallachia''s dad''s name?','Vlad II Dracul','Johannes Kepler','Vlad the Impaler','Plutarch',2),
('What is the official language of Scotland called?','Scottish English','Hamburger SV','Manisch','England cricket team',5),
('What is Barack Obama party?','Democratic Party','National Register of Historic Places','U.S. National Park Service','Library of Congress',1),
('What countries did Thea von Harbou work in?','Berlin','Splash Mountain','Matterhorn Bobsleds','Infrared Space Observatory',2),
('What is the Yale University mascot?','Handsome Dan','Charlie-O','Chief Wahoo','Buzz',6),
('What is United States Naval Academy mascot?','Bill the Goat','Anchor','Lumberjack','Friar',1),
('What is Bertrada of Laon''s son''s name?','Charlemagne','Louis the Pious','Charibert of Laon','Pepin the Short',3),
('What countries did Arne Beurling work in?','United States of America','Los Alamos','Attu Island','Oak Ridge',6),
('Where does the Bengali Language language come from?','Bangladesh','Universal Studios','Paramount Pictures','Library of Congress',1),
('What movie did Library of Congress won an academy award for?','Studio 360','Visual arts','Twitter','The New Yorker',3),
('What is Eden High School mascot?','Bald Eagle','Mustang horse','Condor','Lizard',6),
('What countries did Charles Baudelaire work?','France','Sikh Empire','Denmark–Norway','Emirate of Granada',1),
('What is the name of the first prophet of Confucianism?','Confucius','Gautama Buddha','Muhammad','Jesus Christ',7),
('What college did Charlie Chaplin attend?','Cuckoo Schools','Pratt Institute','Warburg Institute','Washington and Lee University',1),
('What team did Ernie Wise play for first?','British Broadcasting Corporation','Israel','Major League Baseball','National Football League',5),
('What is the name of the capital of United States of America?','Washington, D.C.','San Juan','Honolulu','Toledo',2),
('What was the capital of ancient Vatican City?','Vatican City','Jerusalem','Rome','Paris',4),
('What are the four official languages of Italy?','Italian Language','English Language','Russian Language','German Language',2),
('What is time zone in China?','China Time Zone','Seychelles Time Zone','Mountain Time Zone','Bombay Time Zone',5),
('What is Sarah''s dad''s name?','Terah','Haran','Muhammad','Abraham',4),
('What is Earth named for?','Planet','Asteroid','Comet','Star',2),
('What state did Albert Einstein represent?','Bern','Hungary','Germany','Austria',2),
('What is the name of the capital of United States of America?','Washington, D.C.','Ottawa','Rome','Paris',3),
('What state was Thomas Jefferson elected from?','United States of America','New Mexico','Portugal','Germany',6),
('Where is China located?','Asia','Beijing National Stadium','Shaolin Monastery','Jin Mao Tower',2),
('What movies has Baz Luhrmann been in?','Winter of Our Dreams','Moulin Rouge!','Strictly Ballroom','Romeo + Juliet',1),
('What is currency in China?','Renminbi','Nicaraguan cordoba','Abkhazian apsar','Mozambican escudo',4),
('What was George Emil Palade job?','Physician','Surgeon','Ophthalmology','Pediatrics',2),
('Where are the China on a world map?','Earth','Vietnam','Cuba','North Korea',3),
('What country is the Scotland located in?','United Kingdom','France','Italy','Germany',7),
('What country does French Language come from?','France','Belgium','Switzerland','Luxembourg',7),
('What countries did Gautama Buddha work?','Nepal','Mughal Empire','Srivijaya','Bhutan',4),
('What is the currency name of Japan?','Japanese yen','Japanese mon','Lesotho loti','Travancore rupee',4),
('What is the official language in Ecuador?','Spanish Language','Bamun Language','Kaningdon-Nindem Language','Diachronics of plural inflection in the Gallo-Italian languages',2),
('What is the main language of Soviet Union?','Russian Language','Hebrew Language','Arabic Language','English Language',4),
('What is the name of the capital of Soviet Union?','Moscow','Pietermaritzburg','Nassau','Bloemfontein',3),
('What are the major cities in Turkey?','Ankara','Konya','Edirne','Istanbul',4),
('What religion did T. S. Eliot follow?','Anglicanism','Sikhism','Vaishnavism','Bhakti',1),
('What style of art did Leonardo da Vinci do?','High Renaissance','Renaissance','Baroque','Neoclassicism',2),
('In what country is Washington, D.C.?','United States of America','Australia','Slovakia','Iran',1),
('What states does the Jerusalem flow through?','West Bank','United States of America','Germany','Russia',6),
('What continent do the Bibliotheca Alexandrina belong to?','Alexandria','San Francisco','Barcelona','Ancient Rome',1),
('What tv shows are taped in Hollywood?','Star Trek: Deep Space Nine','Star Trek: Enterprise','Soul Train','All in the Family',1),
('What team did Charles Dickens play for first?','Morning Chronicle','Tobias Smollett','Internet Archive','Samuel Johnson',1),
('What is the mascot of Reading Memorial High School?','Rocket','Sebastian the Ibis','Raven','Gear',2),
('In what timezone is Barra?','Greenwich Mean Time Zone','Coordinated Universal Time','Central European Time Zone','Eastern Time Zone',2),
('What state did Peter Guthrie Tait live in?','United Kingdom','France','United States of America','Germany',6),
('What was the name of Smithsonian Institution plane?','Langley Aerodrome','Auster Avis','Thomas-Morse MB-2','Curtiss CS',3),
('What is Conrad Russell, 5th Earl Russell''s dad''s name?','Bertrand Russell','Elizabeth II','Napoleon Bonaparte','Winston Churchill',7),
('Where are the France on a world map?','Earth','Alsace','United States of America','Germany',6),
('Who does Mahatma Gandhi represent?','Indian National Congress','Janata Party','Shiv Sena','Bharatiya Janata Party',4),
('What are the most common religions in the Mozambique?','Islam','Muslim','Shia Islam','Sunni Islam',4),
('What is the name of the capital of United States of America?','Washington, D.C.','San Juan','Honolulu','Toledo',3),
('What countries did Bob Dylan work?','United States of America','Sikh Empire','Greece','Grand Duchy of Moscow',1),
('What is the language used in Classical Athens?','Ancient Greek','Greek Language','Koine Greek','Korean Language',2),
('What form of government is the Afghanistan?','Islamic republic','Authoritarianism','Juche','Theocracy',4),
('What is the name of currency used in Germany?','Euro','German Rentenmark','German papiermark','German ostmark',6),
('What is currency in Czech Republic?','Czech koruna','German gold mark','Japanese yen','Greek drachma',2),
('What is Leslie Stephen''s dad''s name?','James Stephen','George W. Bush','Barack Obama','Carl Linnaeus',2),
('What type of government system does Afghanistan have?','Islamic republic','Absolute monarchy','Hereditary monarchy','Devolution',2),
('Who owns the Chicago Cubs?','Tribune Company','George Steinbrenner','Nolan Ryan','Jerry Reinsdorf',5),
('What songs did John Henry Newman write?','Lead, Kindly Light','You Must Love Me','Over the Rainbow','Can You Feel the Love Tonight',1),
('What countries did Mateo Aleman work in?','Mexico','North America','Brazil','Europe',2),
('Where did Edgar Allan Poe started his career?','Baltimore','Kabul','Lahore','Gulag',1),
('What type of music did Orsa Spelman play?','Folk music','Piano','Ballad','Filk music',1),
('What college did Alfred Stieglitz?','City College of New York','Pratt Institute','Warburg Institute','Washington and Lee University',1),
('What year did Babe Ruth die and how old was he?','Esophageal cancer','Black Saturday bushfires','Hit by pitch','Vaginal cancer',5),
('What is the language used in Liberia?','English Language','Chinese language','Sanskrit Language','Irish',3),
('What state did Djalma Guimaraes live in?','Brazil','North America','Earth','Europe',2),
('What does Brandi Chastain compete in?','Football','Archery','Ice Hockey','Cycling',3),
('Who is the current coach of the New York Knicks?','Mike Woodson','Asia Nitollano','Frank Sinatra','Plato',1),
('What did Chaitanya Mahaprabhu conducted his experiments on?','Siksastaka','Iliad','Moby-Dick, or, The Whale','Aeneid',1),
('What type of government does Hungary have?','Parliamentary republic','Puppet state','Dependent territory','Colonialism',6),
('What state is OCLC located?','Ohio','Japan','France','Germany',2),
('What type of poetry does William Wordsworth write?','Romanticism','Beat Generation','Poetry','Symbolism',1),
('What part of the world is Russian Soviet Federative Socialist Republic in?','Soviet Union','France','United States of America','United Kingdom',6),
('What is the currency name of Italy?','Euro','United States Dollar','UK £','Italian lira',6),
('In what country is Trashigang District?','Bhutan','Mughal Empire','Sikh Empire','Nepal',4),
('What war was Harry S. Truman president for?','World War II','Television','YouTube','Austria',2),
('What language do Soviet Union speak?','Russian Language','Gothic Language','Gujarati Language','Bengali Language',1),
('What are the major cities in United Kingdom?','London','Canewdon','Pretoria','Whittlesey',1),
('What else did John Logie Baird invent?','Mechanical television','Color television','World Wide Web','Microsoft Windows',2),
('What did Apple invent?','Apple Lisa','Macintosh','iPhone','iPad',2),
('What are the major cities in United Kingdom?','London','Edinburgh','Cardiff','Winchester',6),
('What state is Thomas Jefferson from?','United States of America','Virginia','Pennsylvania','California',6),
('What did Joseph Stalin die off?','Stroke','Capital punishment','Torture','Murder',3),
('What is the name of the first prophet of Islam?','Muhammad','Decius','Ellen G. White','Jesus Christ',6),
('What language do the people speak in South Korea?','Korean Language','Northern Ireland Sign Language','Alatil Language','Controlled natural language',2),
('What is the main language spoken in France?','French Language','Serua Language','Mvuba Language','Nasarian Language',6),
('What is the capital of Bavaria state?','Munich','Milan','Germany','Trieste',6),
('What city has the largest population in Soviet Union?','Moscow','Jerusalem','Rome','Paris',4),
('Where is located Brahmaputra River?','Asia','Bhutan','Nepal','Lahore',4),
('What are major religions in the France?','Catholicism','Huguenot','Greek Orthodox Church','French Confederation of Christian Workers',7),
('What is Barack Obama party?','Democratic Party','Hamas','Liberal Republican Party','Independent',3),
('Which states does the San Francisco pass through?','Area code 650','Yerba Buena Island','Europe','Washington, D.C.',1),
('What movie is Koji Morimoto directing?','The Animatrix','Blade Runner','Star Wars Episode IV: A New Hope','Star Wars Episode VI: Return of the Jedi',2),
('Where is Vatican City located?','Europe','Institute for the Works of Religion','Gardens of Vatican City','Apostolic Palace',4),
('What type of currency is used in United Kingdom?','UK £','Cayman Islands dollar','Falkland Islands pound','Egyptian pound',7),
('What language do Wales use?','English Language','French Language','Russian Language','German Language',7),
('What wars did Ronald Reagan lead?','World War II','Invasion of Grenada','Pacific War','Second Sino-Japanese War',6),
('What is Franklin D. Roosevelt party?','Democratic Party','Nazi Party','Communist Party of China','Kuomintang',6),
('What is the time zone in Chesapeake and Ohio Canal?','Eastern Time Zone','Calcutta Time Zone','Galapagos Time Zone','Port Blair Mean Time',1),
('What is the name of the first prophet of Zoroastrianism?','Zoroaster','Martin Luther','Muhammad','Jesus Christ',3),
('What is time zone in Austria?','Central European Time Zone','Greenwich Mean Time Zone','Coordinated Universal Time','Eastern Time Zone',2),
('What is the official language of Nepal called?','Nepali Language','Maithili Language','Marathi Language','Sanskrit Language',4),
('Where are the India on a world map?','Earth','Uttar Pradesh','Tamil Nadu','Delhi',2),
('What state did Clint Eastwood represent?','Carmel-by-the-Sea','Kota','City of Albany','Morlon',1),
('What is the State University of New York Maritime College mascot?','Privateer','UP Fighting Maroons','Devil','Warrior',3),
('What is the name of the first prophet of Islam?','Muhammad','Gautama Buddha','Saint Peter','Jesus Christ',2),
('What is the time zone in New York City?','Eastern Time Zone','Venezuela Time Zone','Alaska Time Zone','Eastern European Time Zone',1),
('What influenced Batman work?','Tim Burton','Tim Berners-Lee','Jimmy Wales','Richard Stallman',3),
('What highschool did David Hume go to?','University of Edinburgh','Microsoft Corporation','University of Edinburgh Medical School','Brigham Young University',3),
('What is the state flag of Florida called?','Flag of Florida','Flag of South Carolina','Flag of Louisiana','Flag of Mississippi',6),
('What is elie Cartan''s son''s name?','Henri Cartan','Isaac Newton','Albert Einstein','Aristotle',2),
('What college did Seth Greisinger?','University of Virginia','University of Florida','University of Georgia','University of North Carolina at Chapel Hill',6),
('Who do Roger Clemens play for?','Boston Red Sox','Chicago Cubs','New York Yankees','St. Louis Cardinals',5),
('What state did Dwight D. Eisenhower represent?','United States of America','Virginia','Florida','Texas',6),
('What is the currency name of Vietnam?','Vietnamese dong','Angolan escudo','Ripple','Bitcoin',3),
('What is the capital of Andhra Pradesh state?','Hyderabad','Chandigarh','Allahabad','Lucknow',1),
('What is Conrad Russell, 5th Earl Russell''s dad''s name?','Bertrand Russell','Richard Dawkins','William James','Noam Chomsky',3),
('What movie did Library of Congress won an academy award for?','Studio 360','CSI: Crime Scene Investigation','Law & Order','The Stars My Destination',3),
('What does the United Kingdom state flag look like?','Flag of the United Kingdom','Flag of the United States','Grand Union Flag','Flag of the African Union',6),
('What states does the Poland flow through?','North European Plain','France','United States of America','United Kingdom',6),
('What influenced Glenn Greenwald work?','George Orwell','Tim Berners-Lee','Jimmy Wales','Richard Stallman',3),
('What state is Ottawa in?','Ontario','Berlin','Pakistan','London',3),
('What did Roger Ebert die of?','Thyroid cancer','Myocardial infarction','Suicide','Firearm',1),
('What is Gautama Buddha''s son''s name?','Rahula','Carl Linnaeus','Diana, Princess of Wales','Arne Næss',7),
('What is the language used in South Korea?','Korean Language','English Language','Russian Language','Latin Language',6),
('What language do Agri people indians speak?','Marathi Language','Maithili Language','Oriya Language','Sanskrit Language',4),
('Which states does the Germany pass through?','North European Plain','United States of America','Russia','Austria',6),
('With which countries does Nigeria trade?','United States of America','France','United Kingdom','Germany',6),
('What is the name of the capital of Iran?','Tehran','Nishapur','Tabriz','Ray',4),
('What does Germany own?','Westdeutscher Rundfunk','Das Erste','Bayerischer Rundfunk','RTL II',6),
('What language do they speak Yemen?','Arabic Language','Mehri language','Tatar Language','Kazakh Language',4),
('What team does Frank Mahovlich play for now?','Toronto Maple Leafs','Philadelphia Flyers','Toronto Argonauts','Toronto Raptors',3),
('Who was the emperor before Galba?','Nero','Otho','Hadrian','Claudius',2),
('What type of music did Peter Yarrow play?','Folk music','Piano','Ballad','Filk music',1),
('What country does Florida come under?','United States of America','Germany','Russia','Austria',6),
('What highschool did Leo Tolstoy go to?','Kazan Federal University','California Institute of Technology','National Institutes of Health','Princeton University',2),
('What are the name of Chandragupta Maurya sons?','Bindusara','Ashoka','Gautama Buddha','Susima',4),
('Who plays Godzilla in Godzilla Against Mechagodzilla?','Tsutomu Kitagawa','Alan Feduccia','James Gurney','Donald F. Glut',6),
('What state did Theodore Roosevelt live in?','United States of America','New Mexico','Germany','Rome',2),
('What countries did J. C. R. Licklider work in?','Arlington','Broadcasting House','Universal Studios','Googleplex',3),
('Where do the New York Yankees play baseball?','Yankee Stadium','Al Lang Stadium','Polo Grounds','Yankee Stadium',5),
('What language do Russia speak?','Russian Language','Pima Bajo Language','Sholaga Language','Tuma-Irumu Language',2),
('What is Southeastern University of the Assemblies of God mascot?','Fire','Anchor','Devil','Demon',3),
('What country is the name Bob Dylan from?','United States of America','Byzantine Empire','Cote d’Ivoire','Nazi Germany',1),
('What is Southeastern University of the Assemblies of God mascot?','Fire','Nor''easter','Gear','Thoroughbred',2),
('What language do Cayman Islands use?','English Language','Russian Language','German Language','Dutch Language',2),
('What country is the name Paul Wellstone from?','United States of America','France','Canada','United Kingdom',7),
('What type of currency is used in India?','Indian rupee','Canadian dollar','UK £','Japanese yen',3),
('What is Yale University mascot?','Handsome Dan','Friar','Knight','Privateer',6),
('What countries did Sri Aurobindo work?','India','Mughal Empire','Bhutan','Nepal',4),
('Who is the leader of Japan now?','Naoto Kan','George W. Bush','Thomas Jefferson','Barack Obama',2),
('What kind of government does Botswana have today?','Parliamentary republic','Democracy','Dependent territory','Colonialism',3),
('What else did Toshiba invent?','DVD','Global Positioning System','Robotics','3D printing',2),
('What is the capital of Tuscany state?','Florence','Venice','Guangzhou','Cologne',2),
('What country is Tokyo in?','Greater Tokyo Area','Rome','Washington, D.C.','Sydney',1),
('Who was the emperor before Nikephoros II Phokas?','Romanos II','Basil II','Heraclius','John I Tzimiskes',4),
('What county is Madonna from?','New York City','New York','Manhattan','Brooklyn',1),
('What is the name of money in Germany?','Euro','Canadian dollar','UK £','Japanese yen',2),
('What is Bertrada of Laon''s son''s name?','Charlemagne','Louis the Pious','Hildegard of Vinzgouw','Napoleon Bonaparte',7),
('What is T. C. Williams High School mascot?','Titan','Raider Red','YoUDee','Duke Dog',2),
('What is Golden High School mascot?','Demon','Devil','Rocky','Unicorn',1),
('What language does people in United Kingdom speak?','English Language','Chinese language','Russian Language','German Language',2),
('In what country is Cairo?','Egypt','Israel','Pakistan','Iran',4),
('What is the University of Wisconsin-Madison mascot?','Bucky Badger','Fire','Demon','Dragon',2),
('Who created Amazon.com?','Jeffrey P. Bezos','Osamu Tezuka','James Cameron','George Lucas',2),
('What is the name of currency used in United Kingdom?','UK £','Cayman Islands dollar','Falkland Islands pound','Egyptian pound',6),
('What language do the people speak in Armenia?','Kurdish languages','Tatar Language','Arabic Language','Kazakh Language',4),
('Where was the first Society of Jesus located?','Rome','Israel','India','Paris',4),
('With which countries does Russia trade?','Uzbekistan','United States of America','United Kingdom','India',2),
('What is the major language of China?','Standard Mandarin','Chinese language','English Language','Irish',3),
('What is Brigham Young University mascot?','Cosmo the Cougar','Friar','Devil','Knight',4),
('What language do they in Poland?','Polish Language','Belarusian language','French Language','German Language',7),
('Where was Library of Congress an international environmental organization founded?','Washington, D.C.','United States of America','Rome','Paris',3),
('What state is Thomas Jefferson from?','United States of America','Virginia','Texas','California',7),
('What are the major religions in France?','Catholicism','Atheism','Jainism','The Church of Jesus Christ of Latter-day Saints',2),
('What is the language called in German Empire?','German Language','Naga, Chothe Language','Nusu Language','Batak Alas-Kluet Language',6),
('What is d capital city of Hungary?','Budapest','Venice','Yerevan','Florence',2),
('What countries did Philip Sheridan work?','United States of America','Alo','Cossack Hetmanate','Confederate States of America',6),
('What country did Roger Cotes live in?','United Kingdom','France','United States of America','Kingdom of Great Britain',6),
('What is the name of the first prophet of Buddhism?','Gautama Buddha','Bodhidharma','Nagarjuna','Xuanzang',3),
('What was Jim Threapleton famous for?','Film Director','Video game development','Composer','Video game publishing',1),
('What government did Mughal Empire have?','Absolute monarchy','Emirate','Illiberal democracy','Politics of Libya',4),
('What is the capital of Bulgaria state?','Sofia','Milan','Paris','Hiroshima',6),
('What type of government system does British Raj have?','Constitutional monarchy','Authoritarianism','Juche','Theocracy',4),
('What are the official languages in England?','English Language','Old English','Norman language','French Language',3),
('What is the major language spoken in Italy?','Italian Language','Ladino Language','Romanian Language','Catalan language',3),
('What movie did Stanley Sadie won an academy award for?','The New Grove Dictionary of Music and Musicians','Glastonbury Festival','Musical composition','American Idol',1),
('What is Thomas Jefferson party?','Democratic-Republican Party','American Mathematical Society','Library of Congress','OCLC',2),
('What is Erik Friedlander''s dad''s name?','Lee Friedlander','Charlie Chaplin','Edward Steichen','Richard Avedon',1),
('What kind of language do they speak in Nazi Germany?','German Language','Aranama language','Ambae, East Language','Dhao Language',3),
('What is Papillion-La Vista South High School mascot?','Titan','Peruna','Privateer','Bighorn sheep',2),
('Who plays Superman in Superman IV: The Quest For Peace?','Christopher Reeve','Isaac Newton','Arthur C. Clarke','Richard Feynman',2),
('Which states does the Canada flow through?','Arctic','France','United States of America','United Kingdom',6),
('What state was Theodore Roosevelt elected from?','United States of America','New York','Pennsylvania','California',3),
('What is the time zone in Germany?','Central European Time Zone','Chamorro Time Zone','Greenwich Mean Time Zone','Cape Verde Time Zone',6),
('Where was Library of Congress an international environmental organization founded?','Washington, D.C.','National Museum of Natural History','Volta Laboratory and Bureau','Cathedral of St. Matthew the Apostle',2),
('What language does Coharie use?','English Language','Chinese language','Sanskrit Language','Irish',3),
('What is time zone in India?','India Time Zone','Greenwich Mean Time Zone','Coordinated Universal Time','Central European Time Zone',2),
('What is the language used in Classical Athens?','Ancient Greek','Swedish Language','Chinese language','Sanskrit Language',3),
('What things did Albert Einstein invent?','Einstein refrigerator','HTML','Fortran','Microsoft Windows',2),
('Where is the DC Comics located?','New York','Splash Mountain','Matterhorn Bobsleds','Infrared Space Observatory',2),
('What state did Edgar Bergen represent?','Mexico','Brazil','Europe','South Africa',2),
('What language does Bahamas?','English Language','Russian Language','German Language','Dutch Language',2),
('Where are the India on a world map?','Earth','Maharashtra','Tamil Nadu','Delhi',3),
('What team does Dirk Marcellis play for now?','PSV Eindhoven','New York Knicks','New York Rangers','Toronto Maple Leafs',1),
('What are the four official languages of Soviet Union?','Russian Language','Chinese language','English Language','Irish',3),
('What currency does Pakistan canada use?','United States Dollar','Canadian dollar','Brazilian real','Panamanian balboa',1),
('What team does Geoff Hurst play for now?','England national football team','Chelsea F.C.','West Ham United F.C.','Stoke City F.C.',5),
('What is Pacific Lutheran University mascot?','Knight','Devil','Demon','Dragon',1),
('Where are the Mexico on a world map?','Earth','Peru','Brazil','South Africa',2),
('Where does the German Language language come from?','Germany','Belgium','Switzerland','Denmark',7),
('What continent does the Israel belong to?','Asia','South America','North America','Antarctica',4),
('Where did Iran originate?','Asia','Kashan','Mashhad','Nishapur',4),
('What is the newspaper in Greater London?','Daily Mail','The Guardian','The New York Times','The Washington Post',3),
('What is the name of the first prophet of Zoroastrianism?','Zoroaster','Gautama Buddha','Muhammad','Jesus Christ',7),
('What type of music did Spooky play?','Electronic music','Ambient music','Chiptune','Synthpop',3),
('What is the language used in Liberia?','English Language','Chinese language','Ancient Greek','Mende Language',3),
('What is Katharina Kepler''s son''s name?','Johannes Kepler','Isaac Newton','Pythagoras','Aristotle',2),
('What is Lloyd Wright''s dad''s name?','Frank Lloyd Wright','Alexander Graham Bell','George W. Bush','Aristotle',2),
('What state was Theodore Roosevelt elected from?','United States of America','Williamsburg','Worcester','Rome',3),
('What is the name of the money used in Nazi Germany?','German Reichsmark','Federal Reserve Note','Bitcoin','French Equatorial African franc',2),
('What kind of government does Egypt have today?','Provisional government','Republic','Unitary state','Semi-presidential system',3),
('What is Gautama Buddha''s son''s name?','Rahula','Mahatma Gandhi','Swami Vivekananda','Narendra Modi',4),
('What city did Babe Ruth live in?','Pigtown','Moshav','White House','Byzantium',2),
('What is the name of the first prophet of Confucianism?','Confucius','Martin Luther','Muhammad','Jesus Christ',6),
('What is Alexander Stewart Herschel''s dad''s name?','John Herschel','Charlie Chaplin','Edward Steichen','Richard Avedon',1),
('What is Calvin College mascot?','Knight','Patriot','General','Privateer',3),
('What is Universe named for?','Universe','Asteroid','Star','Planet',3),
('What tv shows are taped in Times Square?','MTV Live','CSI: Crime Scene Investigation','The X-Files','Gunsmoke',1),
('What is Bill Clinton''s son''s name?','Chelsea Clinton','George W. Bush','Hillary Rodham Clinton','Al Gore',2),
('What songs did John Keegan write?','Come Buy My Nice Fresh Ivy','Deutschlandlied','Worker''s Marseillaise','Anthem of the Byelorussian Soviet Socialist Republic',6),
('What state is Fairfield in?','Iowa','Sikkim','Himachal Pradesh','Hyderabad State',4),
('What country is the name Xuanzang from?','China','Japan','Sri Lanka','India',4),
('What state did Al Gore represent?','United States of America','Gdansk','Pingtang County','Sham Shui Po',2),
('What is University of Florida mascot?','Albert and Alberta Gator','Seminole','Florida panther','Lancer',6),
('What is currency in Nazi Germany?','German Reichsmark','Canadian dollar','Thai baht','Japanese yen',1),
('What district does Barack Obama represent?','Illinois','Columbia College Chicago','Athens','Northern Illinois University',1),
('Who plays Odysseus in Odysseus: Voyage to the Underworld?','Arnold Vosloo','Bob Dylan','John Perry Barlow','Phil Collins',1),
('What country does Sikkim come under?','India','Japan','China','Sri Lanka',4),
('What highschool did Joseph E. Johnston go to?','United States Military Academy','Naval War College','Naval Postgraduate School','United States Naval Academy',6),
('What is Vyasa''s dad''s name?','Parashara','Mahatma Gandhi','Kabir','Akbar',4),
('What continent do the National Library of France belong to?','Paris','Gdansk','Sham Shui Po','Europe',2),
('What highschool did Bertolt Brecht go to?','Ludwig Maximilian University of Munich','Juilliard School','Tisch School of the Arts','Royal Academy of Dramatic Art',1),
('What form of government does Cote d’Ivoire use?','National Assembly','Government of Portland, Oregon','U.S. Agency for Toxic Substances and Disease Registry','United States Bureau of Reclamation',2),
('What culture lived in Ecbatana?','Iran','Mashhad','Tabriz','Qom',4),
('What is the capital city of United Kingdom on a map?','London','Edinburgh','Hamilton','Jamestown',7),
('What type of government does Zaire have?','Republic','Democracy','Military dictatorship','Totalitarianism',3),
('Where did Brian O''Nolan started his career?','Dublin','Jerusalem','Pakistan','Beirut',1),
('What continent is Continental Divide of the Northern Americas part of?','North America','Northern America','Chihuahuan Desert','Europe',2),
('Who are senators from Rome?','Flavius Afranius Syagrius','Monique Begin','Barack Obama','Winston Churchill',4),
('What is Narendra Modi party?','Bharatiya Janata Party','Janata Party','Indian National Congress','Shiv Sena',4),
('What condition does John Lennon have?','Bulimia nervosa','Otofacial syndrome','Millard–Gubler syndrome','Vanishing twin',4),
('What is the name of the money used in China?','Renminbi','Canadian dollar','UK £','Japanese yen',3),
('What is the language used in Bermuda?','English Language','Hebrew Language','Danish Language','Welsh Language',1),
('Who was vice president under Bill Clinton?','Al Gore','Paul Baran','David Gergen','Donald Davies',3),
('What part of the world is Martha Washington Hotel in?','New York City','Times Square','Manhattan','Brooklyn',1),
('What countries did Harold Bloom work?','United States of America','Sikh Empire','Italy','Kingdom of Sicily',1),
('What is Purdue University mascot?','Boilermaker Special','Anchor','Gear','Privateer',2),
('Who did Bernard Montgomery, 1st Viscount Montgomery of Alamein play in twilight?','Desert Victory','Casablanca','Die Another Day','Schindler''s List',6),
('What type of music did Michael Crawford play?','Musical theatre','Barbershop music','A cappella','Fitness',2),
('What religion does Walt Disney follow?','Christianity','Presbyterian Church of Wales','Creationism','Jedi',1),
('What states does the India flow through?','Ghent Kangri','Maharashtra','Tamil Nadu','Kerala',7),
('What is the capital city of United Kingdom?','London','Singapore','Paris','Brussels',6),
('What state is Barack Obama from?','Illinois','Western Australia','Rome','Mexico City',1),
('What is Dharmendra party?','Bharatiya Janata Party','All Media Guide','Internet Archive','YouTube',1),
('What movies has Rhian Sheehan been in?','Avatar','Titanic','The Shawshank Redemption','Star Wars Episode V: The Empire Strikes Back',1),
('Which states does the Pakistan pass through?','Ghent Kangri','China','United States of America','United Kingdom',5),
('What is the language used in Bermuda?','English Language','Spanish Language','French Language','Latin Language',1),
('Where is United States of America exactly located?','North America','India','Illinois','Romania',2),
('What is Anagarika Dharmapala''s dad''s name?','Don Carolis Hewavitharana','Ashoka','Gautama Buddha','Emperor Wen of Sui',4),
('Where did the founder of YouTube go to college?','San Mateo','B.J. Medical College, Ahmedabad','University of Regensburg','Genesee Community College',3),
('What team did John Reith, 1st Baron Reith play for first?','British Broadcasting Corporation','Israel','Major League Baseball','National Football League',5),
('What is the Mount View High School mascot?','Knight','Devil','Demon','Privateer',1),
('What type of music did Tim Rice play?','Musical theatre','Barbershop music','A cappella','Fitness',2),
('What country is the name Joseph Furphy from?','Australia','Slovakia','Hong Kong','Iran',1),
('What is the state flag of Bhutan called?','Flag of Bhutan','Flag of the Mughal Empire','Nishan Sahib','Flag of Baton Rouge, Louisiana',4),
('What country is the name Ambrose Burnside from?','United States of America','China','Cossack Hetmanate','Confederate States of America',6),
('Who played Oscar the Grouch in Sesame Street?','Caroll Spinney','Snoop Dogg','Jim Henson','Johnny Cash',1),
('What school did Jim Kimsey establish?','AOL','Amazon.com','NASA','Toshiba',2),
('What type of government system does Israel have?','Parliamentary system','Democracy','Unitary state','Dependent territory',3),
('What city did Michael S. Hart live in?','Tacoma','Kabul','Amritsar','Lahore',1),
('What kind of government does Egypt have today?','Provisional government','Republic','Unitary state','Semi-presidential system',3),
('What state was Ulysses S. Grant elected from?','United States of America','Alaska','Texas','Manhattan',2),
('Who was the emperor before Hadrian?','Trajan','Antoninus Pius','Nerva','Augustus',7),
('With which countries does Mexico trade?','United States of America','Peru','Brazil','South Africa',2),
('What wars did Ronald Reagan lead?','World War II','Vietnam War','War on Terrorism','European theatre of World War II',3),
('What is the name of money in China?','Renminbi','Emergency circulating notes','Indian rupee','Denarius',4),
('What is the currency in United States of America?','United States Dollar','Cambodian tical','Spesmilo','German Reichsmark',6),
('What school did Arnold Sommerfeld attend?','University of Konigsberg','Dow University of Health Sciences','New Lisbon High School','Merlo Station High School',2),
('What does John Mugabi compete in?','Boxing','Archery','Fencing','Judo',6),
('What state is Internet Archive located?','California','Rome','Silicon Valley','Paris',3),
('What does Christianity believe?','Abrahamic religions','Protestantism','Oriental Orthodoxy','Catholicism',4),
('What highschool did Benito Mussolini go to?','University of Lausanne','Columbia University','Harvard University','Yale University',6),
('What was the first name of the Philadelphia Eagles?','Philadelphia-Pittsburgh Steagles','Montreal Expos','Card-Pitt','Team Lotus',5),
('What movie is John W. Campbell directing?','The Thing','Blade Runner','Star Wars Episode IV: A New Hope','Star Wars Episode VI: Return of the Jedi',2),
('What team did Katherine Harris play for first?','IBM','NASA','International Union for Conservation of Nature and Natural Resources','ChemSpider',2),
('What money system does South Africa use?','South African pound','Euro','UK £','South African rand',2),
('What wars did Buzz Aldrin lead?','Korean War','French intervention in Mexico','United States Exploring Expedition','Six-Day War',2),
('What country does Paris come under?','France','United States of America','United Kingdom','Germany',6),
('What are the most common religions in the Poland?','Catholicism','Tao','Monolatrism','Confessing Church',6),
('What is Charles Russell Bardeen''s son''s name?','John Bardeen','Isaac Newton','Niels Henrik David Bohr','Richard Feynman',2),
('Who plays Artful Dodger in Oliver & Company?','Billy Joel','Bette Midler','Joey Lawrence','Cheech Marin',1),
('What country does New York City come under?','United States of America','Canada','United Kingdom','India',3),
('Where does the Boston Red Sox soccer team play?','Fenway Park','McKechnie Field','Polo Grounds','Wrigley Field',5),
('What religion does Orson Welles follow?','Catholicism','Creationism','Protestantism','Jedi',1),
('What kind of language does Myanmar speak?','Tamil Language','Sinhala Language','Bengali Language','Sanskrit Language',4),
('What is the Boston University mascot?','Rhett the Boston Terrier','Friar','Demon','Dragon',4),
('What countries did Pete Haycock work in?','Germany','Hamburg','Berlin','Bavaria',7),
('What tv shows are taped in Pittsburgh?','The Stand','Jeopardy!','American Idol','Classic Game Room',2),
('What states does the Canada flow through?','Arctic','United States of America','United Kingdom','Germany',6),
('What a city in Louisiana?','Baton Rouge','Atlanta','Nashville','Richmond',6),
('What is the state flag of United States of America called?','Flag of the United States','Flag of the African Union','Flag of Calgary','Moldova',7),
('What is the name of the money used in Egypt?','Egyptian pound','Turkish lira','Dirham','Akce',4),
('What is currency in Iran?','Iranian rial','British Columbia dollar','Hong Kong dollar','Deloitte',1),
('What state did Charlemagne represent?','Holy Roman Empire','Roman Empire','Israel','Paris',4),
('What languages are there in Liberia?','English Language','Spanish Language','French Language','Latin Language',1),
('What party was Jacob Ruppert from?','Democratic Party','National League','Major League Baseball','American League',5),
('Which states does the Poland flow through?','North European Plain','United States of America','United Kingdom','Germany',6),
('What team does Francesco Totti play for now?','A.S. Roma','Italy national under-17 football team','England national football team','Italy national under-19 football team',5),
('Where did Abraham Joshua Heschel started his career?','United States of America','San Francisco','New York City','Washington, D.C.',3),
('Who plays Batman in Batman & Robin?','George Clooney','Arnold Schwarzenegger','Uma Thurman','Adam West',1),
('What timezone is United Kingdom in right now?','Greenwich Mean Time Zone','Coordinated Universal Time','Central European Time Zone','Eastern European Time Zone',2),
('Who plays Mickey Mouse in Orphan''s Benefit?','Walt Disney','Jimmy MacDonald','Alan Young','Stan Freberg',2),
('What state did Morgan Bulkeley live in?','Connecticut','Crowan','Butte County','Wylye, Wiltshire',5),
('What language is China using?','Standard Mandarin','Qoqmoncaq language','Eastern Yugur language','Oroqen Language',2),
('What is currency in Russia?','Russian ruble','Maryland pound','Gold coin','Abkhazian apsar',2),
('What country did Alfred Aho live in?','United States of America','Virginia','Florida','Texas',6),
('What was the name of Honeywell plane?','Honeywell RQ-16 T-Hawk','General Atomics MQ-1 Predator','Northrop Grumman RQ-4 Global Hawk','General Atomics MQ-9 Reaper',2),
('What does Kristine Lilly compete in?','Football','Volleyball','Boxing','Ice Hockey',2),
('Who was the emperor before Hadrian?','Trajan','Diocletian','Nero','Constantine the Great',1),
('What position does Sandy Koufax play?','Pitcher','Outfielder','Shortstop','Catcher',5),
('What does Babe Ruth own?','Home Plate Farm','Citi Field','Candlestick Park','Comerica Park',5),
('Where did Jean Loret started his career?','Saint-Quentin','Kabul','Lahore','Gulag',1),
('Who was the emperor before Nero?','Claudius','Marcus Aurelius','Augustus','Constantine the Great',1),
('What school did Bruce Gilliat establish?','Alexa Internet','Microsoft Corporation','Amazon.com','YouTube',3),
('What highschool did Braxton Bragg go to?','United States Military Academy','Naval War College','Naval Postgraduate School','United States Naval Academy',6),
('Where did Michael S. Hart started his career?','Urbana','Kabul','Lahore','Gulag',1),
('Who did Michael Keaton play in Batman?','Batman','Sonic the Hedgehog','Iron Man','Julian Assange',3),
('What movies has John Searle been in?','Jaws','Berkeley in the Sixties','The Shawshank Redemption','Star Wars Episode V: The Empire Strikes Back',1),
('What state is Theodore Stevens from?','Alaska','Nunavut','Mexico','Northwest Territories',2),
('What language do East Indians indians speak?','Marathi Language','Maithili Language','Oriya Language','Sanskrit Language',4),
('What countries did Dayton Miller work in?','United States of America','Alaska','New York City','Washington, D.C.',2),
('What is the capital of Georgia state?','Atlanta','Venice','Barcelona','Syracuse',1),
('What are the official languages of the England?','English Language','Middle English','Old English','Norman language',3),
('What company did Howard Stringer work for?','Sony Corporation','Sony Pictures Entertainment','Olympus Corporation','Sony Music Entertainment',1),
('What country is the name Carl Linnaeus from?','Sweden','Byzantine Empire','Cote d’Ivoire','Nazi Germany',1),
('What team did Susan Wojcicki play for first?','Google','DoubleClick','YouTube','Picnik',3),
('Where did Pete Haycock started his career?','Germany','North Sea','Cologne','Baltic Sea',2),
('What school did Konosuke Matsushita establish?','Panasonic Corporation','Amazon.com','NASA','AOL',2),
('What is the time zone in China?','China Time Zone','Coordinated Universal Time','Chatham Island Time Zone','Eastern European Time Zone',2),
('Who invented the University of Virginia?','Thomas Jefferson','Abraham Lincoln','John Albert Broadus','Robert E. Lee',6),
('What states does the India flow through?','Ghent Kangri','United States of America','Pakistan','United Kingdom',2),
('What is K. J. Yesudas''s dad''s name?','Augustine Joseph','Steven Spielberg','Aristotle','Martin Scorsese',1),
('What influenced Joseph Haydn''s work?','George Frideric Handel','Bob Dylan','Ludwig van Beethoven','The Beatles',1),
('What is language in Azerbaijan?','Georgian Language','Hamburger SV','Prasuni Language','England cricket team',5),
('Who does Barack Obama represent?','Democratic Party','Nazi Party','Black Panther Party','Hamas',1),
('What is the name of the first prophet of Baha''i Faith?','Baha''u''llah','Martin Luther','Muhammad','Jesus Christ',3),
('What influenced John W. Campbell work?','Rudyard Kipling','Isaac Asimov','Software Engineering','George Lucas',2),
('What city is the state capital of Virginia?','Richmond','Atlanta','Nashville','Little Rock',6),
('What part of the world is Sikkim in?','India','Himachal Pradesh','East Sikkim district','Hyderabad State',4),
('What type of government system does Israel have?','Parliamentary system','Democracy','Illiberal democracy','Kingdom',5),
('What style of art did Eugene Delacroix do?','Romanticism','Magic realism','Modernism','Symbolism',1),
('What is the currency in United States of America?','United States Dollar','Afghan afghani','Bahamian dollar','Bermudian dollar',3),
('What kind of government does Mughal Empire have today?','Absolute monarchy','Islamic state','Emirate','Islamic republic',4),
('What is the name of the first prophet of Zen?','Bodhidharma','Confucius','Gautama Buddha','Jesus Christ',3),
('What language does the country Mexico speak?','Spanish Language','Meax Language','Balak jargon','Sarua Language',2),
('What type of government system does German Empire have?','Federal monarchy','Puppet state','Dependent territory','Colonialism',6),
('What highschool did Philip Sheridan go to?','United States Military Academy','Naval War College','Naval Postgraduate School','United States Naval Academy',6),
('What is the University of California, Berkeley mascot?','Oski','General','Knight','Thoroughbred',3),
('What was the name of Honeywell plane?','Honeywell RQ-16 T-Hawk','Lockheed U-2','Skylon','North American X-15',2),
('What country does Hong Kong come under?','China','Australia','Slovakia','Iran',1),
('What highschool did Ferdinand Foch go to?','ecole Polytechnique','Bauhaus','Lviv Polytechnic','Lviv University',6),
('What type of music is Franz Liszt?','Piano','Fortepiano','Bass guitar','Guitar',1),
('What form of government does Hungary have?','Parliamentary republic','Antarctic Treaty System','Direct democracy','Totalitarianism',2),
('What style of art is Cary Peppermint?','Performance','Piano','Bass guitar','Jazz',1),
('What form of government does Soviet Union use?','Central Committee of the Communist Party of the Soviet Union','Senate of Uzbekistan','Parliament of Zimbabwe','Chamber of Advisors',1),
('Who was Paul the Apostle influenced by?','Jesus Christ','Augustine of Hippo','Pierre Teilhard de Chardin','Martin Luther',4),
('What does the United Kingdom state flag look like?','Flag of the United Kingdom','Flag of the United States','Grand Union Flag','Flag of the African Union',3),
('What school did Internet Archive establish?','International Internet Preservation Consortium','YouTube','Prelinger Archives','Broadway theatre',1),
('What type of aircraft does United States Department of Defense use?','Hawker Siddeley P.1127','General Atomics MQ-1 Predator','Northrop Grumman RQ-4 Global Hawk','General Atomics MQ-9 Reaper',2),
('What is Conrad Russell, 5th Earl Russell''s dad''s name?','Bertrand Russell','Richard Dawkins','Theodore Roosevelt','Joseph Stalin',3),
('What is the name of the capital of Nazi Germany?','Berlin','German submarine U-125','German submarine U-869','German submarine U-864',2),
('What is the language used in Bermuda?','English Language','Russian Language','German Language','Dutch Language',2),
('What type of government system does Israel have?','Parliamentary system','Democracy','Unitary state','Dependent territory',7),
('What is the newspaper in Yamhill County?','The Oregonian','The Guardian','The New York Times','The Washington Post',3),
('Who was the emperor before Tiberius?','Augustus','Caligula','Justinian I','Hadrian',7),
('What language do they speak in Slovakia?','Hungarian language','Miqie Language','Instant messaging','Tauade Language',1),
('What is the name of the first prophet of Islam?','Muhammad','Martin Luther','Confucius','Jesus Christ',2),
('What is the religion of Israel people?','Judaism','Islam','Muslim','Sunni Islam',4),
('What are the airports in New Zealand?','Hood Aerodrome','Chiang Mai Airport','Ken Jones Airport','Kulik Lake Airport',5),
('What religion does Francis Bacon follow?','Anglicanism','Nation of Islam','Methodism','Paganism',3),
('What is the language used in Azerbaijan?','Georgian Language','Comorian language','Kreye Language','Sa''och Language',2),
('Where did Abraham Joshua Heschel live after the civil war?','United States of America','Virginia','Florida','Texas',6),
('Who was the emperor before Tiberius?','Augustus','Caligula','Justinian I','Constantine the Great',3),
('What is Carl Hellmuth Hertz''s dad''s name?','Heinrich Hertz','Alexander Graham Bell','Guglielmo Marconi','John Logie Baird',2),
('What is currency in Hungary?','Hungarian forint','German gold mark','Japanese yen','Greek drachma',2),
('What movie is Joe Nussbaum directing?','George Lucas in Love','Blade Runner','Star Wars Episode IV: A New Hope','Star Wars Episode VI: Return of the Jedi',2),
('What is Luis Felipe Noe''s son''s name?','Gaspar Noe','Ansel Adams','Andy Warhol','Marilyn Monroe',1),
('What kind of government does Czech Republic have today?','Parliamentary republic','French Directory','National Convention','French Consulate',7),
('What form of government does Malacca sultanate have?','Monarchy','Military junta','Stratocracy','Devolution',4),
('Where was the first Columbia located?','New York City','Jackson','Fillmore East','Avery Fisher Hall',1),
('What religion does Charlie Chaplin follow?','Agnosticism','Jewish atheism','Canaanite religion','Association of Baptist Churches in Ireland',1),
('What school did Iran establish?','United Nations','Food and Drug Administration','NASA','IBM',2),
('What state was Theodore Roosevelt elected from?','United States of America','New York','Texas','California',7),
('What is the name of the capital of United States of America?','Washington, D.C.','San Juan','Honolulu','Toledo',2),
('What city did George Burns grew up in?','New York City','Times Square','Manhattan','Brooklyn',1),
('What is the primary language of Bhutan?','Dzongkha Language','Marathi Language','Oriya Language','Sanskrit Language',4),
('What highschool did Philip Sheridan go to?','United States Military Academy','University of Virginia','University of Georgia','University of North Carolina at Chapel Hill',6),
('What continent is Washington Heights apart of?','New York City','Times Square','Manhattan','Brooklyn',1),
('What state is New York City in?','New York','British Columbia','Ontario','California',7),
('What country is the name Hans Moravec from?','Canada','England','Philippines','Moldova',2),
('What influenced Thierry Bardini work?','Douglas Engelbart','Tim Berners-Lee','Vannevar Bush','Richard Stallman',3),
('What religion does William Grey Walter follow?','Atheism','Church of God','Bhakti','Jedi',2),
('What type of currency is used in the United Kingdom?','UK £','Cayman Islands dollar','Falkland Islands pound','Egyptian pound',3),
('Where did Abraham Joshua Heschel started his career?','United States of America','Eugene','Greenwich Village','Jamestown',3),
('What state did Adolf Hitler represent?','Berlin','United States of America','United Kingdom','Germany',6),
('What type of music was Wheel of Doom noted for?','Rock music','Piano','Alternative rock','Folk music',1),
('What movie did Library of Congress won an academy award for?','Studio 360','Los Angeles Times','The New York Times','Twitter',6),
('What was the first name of the Washington Nationals?','Montreal Expos','Hartford Dark Blues','York White Roses','Chicago Browns',5),
('Where did Dayton Miller started his career?','United States of America','Los Alamos','Attu Island','Oak Ridge',6),
('What is the major language of Iran?','Persian Language','Karitiana Language','Kamba language','Washo Language',2),
('What religion was Pope Francis?','Catholicism','Anglicanism','Christianity','Eastern Orthodox Church',4),
('What movie did Alan Cumming write?','The Anniversary Party','Nicholas Nickleby','X2','The Smurfs',1),
('What district does Thomas Jefferson represent?','United States of America','National Museum of Natural History','Institute for Advanced Study','Iowa State Capitol',2),
('What wars did Richard Helms lead?','World War II','Winter War','Sierra Leone Civil War','Bombing of Cologne in World War II',2),
('Who owns the New York Yankees football team?','George Steinbrenner','Michael Jordan','Nolan Ryan','Jerry Reinsdorf',5),
('What was the first name of the Washington Nationals?','Montreal Expos','Halifax Town A.F.C.','Seattle Supersonics','Team Lotus',5),
('What is the name of the first prophet of Lutheranism?','Martin Luther','Confucius','Muhammad','Jesus Christ',2),
('What is the newspaper in New York University?','Washington Square News','The Guardian','The New York Times','The Washington Post',1),
('What language do people speak in Estonia?','Finnish Language','French Language','German Language','Meankieli',7),
('What is Syama Sastri''s son''s name?','Subbaraya Sastri','Mahatma Gandhi','Swami Vivekananda','Narendra Modi',4),
('What countries did B. F. Skinner work?','United States of America','Nazi Germany','Nigeria','Soviet Union',3),
('What is currency in Austria?','Euro','German gold mark','Japanese yen','Greek drachma',2),
('Who is the current queen of Saudi Arabia?','Abdullah of Saudi Arabia','Osama bin Laden','Sultan bin Salman Al Saud','Abdulmohsen Al-Bassam',2),
('What is the state flag of Soviet Union called?','Flag of the Soviet Union','Flag of Pljevlja','Jolly Roger','Flag of Kabardino-Balkaria',3),
('Who plays God in Star Trek V: The Final Frontier?','George Murdock','Ronald Reagan','Marilyn Monroe','Jean-Paul Sartre',3),
('What form of government does Srivijaya have?','Monarchy','French Directory','Family dictatorship','Presidential system',4),
('What county is Jim Stafford from?','Florida','Miami','Orlando','Jacksonville',6),
('What state was Thomas Jefferson elected from?','United States of America','Virginia','Florida','Texas',6),
('What is John Lloyd Wright''s dad''s name?','Frank Lloyd Wright','Anne Baxter','Carl Linnaeus','Diana, Princess of Wales',1),
('What part of the world is Passamaquoddy Indian Township Reservation in?','United States of America','Hawaii','Harvard University','Princeton University',5),
('What is the current government system in Estonia?','Parliamentary republic','United Nations trust territories','League of Nations mandate','Colonialism',6),
('What is Charles Peirce''s dad''s name?','Benjamin Peirce','George Boole','William James','Aristotle',3),
('What kind of money does Germany?','Euro','Canadian dollar','United States Dollar','UK £',3),
('In what country is Virginia?','United States of America','Cossack Hetmanate','Confederate States of America','Finnish Democratic Republic',6),
('What state is Verona in?','Virginia','Florida','Georgia','Texas',6),
('What team does Jacques Plante play for now?','Toronto Maple Leafs','Philadelphia Flyers','Toronto Argonauts','Toronto Raptors',3),
('Who controls Kashgar?','George Macartney','Shinzo Abe','Mahinda Rajapaksa','Bhumibol Adulyadej',4),
('What kind of government does Austria-Hungary have today?','Constitutional monarchy','Puppet state','Dependent territory','Colonialism',6),
('What district does Barack Obama represent?','Illinois','Harold Washington Library','Arcada Theater Building','Chicago Symphony Center',1),
('What part of the world is Passamaquoddy Indian Township Reservation in?','United States of America','Virginia','Florida','Texas',6),
('What is the capital of French Guiana state?','Cayenne','Milan','France','Trieste',6),
('What is George W. Bush party?','Republican Party','International Organization for Standardization','Hezbollah','OCLC',2),
('What is Elvis Presley''s son''s name?','Lisa Marie Presley','Priscilla Presley','Jack Ketchum','Mac Davis',1),
('What is Barack Obama party?','Democratic Party','National Union Party','Liberal Republican Party','Democratic-Republican Party',3),
('What kind of government Estonia have?','Parliamentary republic','United Nations trust territories','Bantustan','Satellite state',6),
('What form of government does Bangladesh use?','Jatiyo Shongshod','United States Department of Defense','Supreme Court of Canada','U.S. Federal Communications Commission',2),
('What state was Ulysses S. Grant governor of?','United States of America','Florida','Virginia','Georgia',6),
('What is Leslie Stephen''s dad''s name?','James Stephen','Barack Obama','William Shakespeare','Diana, Princess of Wales',1),
('What is the primary language of France?','French Language','Ujir Language','Eastphalian dialect','Nara Language',6),
('What is language in Saudi Arabia?','Arabic Language','Bedawi Arabic','Hebrew Language','English Language',4),
('What state is New York City in?','New York','Quebec','Ontario','California',6),
('Where did Edward Braddock started his career?','North America','Mexico','Brazil','Europe',2),
('What Barbra Streisand baby girls name?','Jason Gould','Bob Dylan','Lena Horne','Mervyn Warren',1),
('What state was George Washington governor of?','United States of America','Baltimore','Pittsburgh','Washington, D.C.',2),
('What are the most common religions in the Mozambique?','Islam','Judaism','Catholicism','Christianity',4),
('What does Hernan Crespo compete in?','Football','Softball','Volleyball','Golf',3),
('What Shirley MacLaine baby girls name?','Sachi Parker','William Shakespeare','Annette Bening','Warren Beatty',1),
('What team did Guglielmo Marconi play for first?','Post Office Ltd','Internet Archive','Marconi Electronic Systems','National Library of France',2),
('Where are the Colorado on a world map?','United States of America','Namibia','Kenya','Nigeria',3),
('What language do they speak in Peru south america?','Spanish Language','Alutor Language','Nisenan Language','Sadri Language',2),
('What is the currency name of Italy?','Euro','Malaysian ringgit','Barbadian dollar','Liberty Dollar',2),
('What is currency in United States of America?','United States Dollar','Peseta','Chervonets','Sri Lankan rupee',2),
('What is the newspaper in Turkmenistan?','Zaman','Pakistan Observer','The Recycler','Echorouk',2),
('What date did the New Zealand national rugby union team win the world series?','1987 Rugby World Cup','Memorial Cup','1982 FIFA World Cup','World Rally Championship',5),
('What is the name of the first prophet of Madhyamaka?','Nagarjuna','Bodhidharma','Gautama Buddha','Xuanzang',4),
('Where did Lou Gehrig play baseball?','New York Yankees','Chicago Cubs','Boston Red Sox','St. Louis Cardinals',5),
('Where was the first American Mathematical Society located?','Providence','National Diet Library','Rhode Island State House','National Library of France',2),
('What city did Jimmy Helms live in?','Florida','Miami','Orlando','Jacksonville',6),
('What is the currency name of Nazi Germany?','German Reichsmark','Sicilian piastra','Ripple','Bitcoin',3),
('What countries did James Kim work in?','Josephine County','Broadcasting House','Universal Studios','Googleplex',3),
('What type of music is Frederic Chopin?','Piano','Fortepiano','Bass guitar','Guitar',1),
('What is the capital of Austria state?','Vienna','Graz','Rome','Paris',2),
('What does the Georgia state flag look like?','Flag of Georgia','Flag of South Carolina','Flag of Louisiana','Flag of Mississippi',6),
('What is time zone in Universal Studios Hollywood?','Eastern Time Zone','Madras Time Zone','Central European Midsummer Time','Eastern European Time Zone',1),
('What state is US Marines located?','Virginia','Taiwan','Germany','Texas',6),
('What is the currency name of United Kingdom?','UK £','Australian dollar','United States Dollar','Saint Helena pound',2),
('What is Katharina Kepler''s son''s name?','Johannes Kepler','Isaac Newton','Albert Einstein','J. R. R. Tolkien',2),
('What highschool did Benito Mussolini go to?','University of Lausanne','United States Military Academy','Naval War College','United States Naval Academy',6),
('What country is the name Ferdinand Gregorovius from?','Germany','France','Italy','United Kingdom',7),
('What is the official language of China called?','Standard Mandarin','Moji language','Pamosu Language','Madras Bashai',3),
('In what town did Charlemagne and his family grow up?','Herstal','Holy Roman Empire','Rome','Francia',4),
('What are the major religions in Azerbaijan?','Islam','Muslim','Shia Islam','Sunni Islam',4),
('What language do Nigeria?','English Language','Chinese language','Croatian language','Irish',3),
('What are the airports in Denmark?','Karup Airport','Duxford Aerodrome','RAF Marham','RAF Northolt',6),
('What highschool did Bertrand Russell go to?','Trinity College, Cambridge','Microsoft Corporation','London School of Economics','National Institutes of Health',3),
('What are the airports in Iran?','Persian Gulf Airport','Lucky Landing Marina and Seaplane Base','Tubuai – Mataura Airport','Yoron Airport',4),
('What date did the PSV Eindhoven win the world series?','1988 European Cup Final','The Telephone Cases','1978 UEFA Cup Final','The dot-com bubble in the United States',2),
('What wars did Fritz Lang lead?','World War I','Drone attacks in Pakistan','Battlefield 2','Bombardment of San Juan',2),
('What highschool did William Hyde Wollaston go to?','University of Cambridge','Microsoft Corporation','St Xavier''s College, Maitighar','Massachusetts Institute of Technology',2),
('Where was the first Electronic Money Association located?','Europe','Mexico','North America','Earth',2),
('What state did Joseph E. Johnston live in?','Virginia','Farmville','Richmond','Norfolk',6),
('In what timezone is South Uist?','Greenwich Mean Time Zone','Coordinated Universal Time','Central European Time Zone','Eastern Time Zone',2),
('What position does Burt Reynolds play?','Halfback','Snapper','Kickoff specialist','Tight end',1),
('Where are the India on a world map?','Earth','China','Brazil','Russia',2),
('What is Arthur Wellesley, 2nd Duke of Wellington''s dad''s name?','Arthur Wellesley, 1st Duke of Wellington','Elizabeth II','Napoleon Bonaparte','George IV of the United Kingdom',7),
('Who are senators from Rome?','Flavius Afranius Syagrius','Monique Begin','George Washington Woodward','Barack Obama',2),
('What state is Thomas Jefferson from?','United States of America','Virginia','Pennsylvania','California',3),
('What did Elvis Presley die of?','Myocardial infarction','Stroke','Suicide','Firearm',1),
('What is Washington and Lee University mascot?','General','Cavalier','Knight','Privateer',6),
('Who did Kevin Conroy play in Batman: Mask of the Phantasm?','Batman','Sonic the Hedgehog','Iron Man','Julian Assange',3),
('What is the language used in Slovakia?','Hungarian language','Swedish Language','Chinese language','Ancient Greek',3),
('What is currency in India?','Indian rupee','Venetian lira','Westphalian frank','Dutch rijksdaalder',4),
('Where are the Canada on a world map?','Earth','France','United States of America','Germany',2),
('Who was vice president under Barack Obama?','Joe Biden','Richard Nixon','Thomas Jefferson','Dick Cheney',4),
('Who plays The Tramp in City Lights?','Charlie Chaplin','Andy Warhol','Harold Lloyd','Sydney Chaplin',1),
('What is the University of Notre Dame mascot?','Notre Dame Leprechaun','Friar','Demon','Dragon',4),
('What county is Richmond in?','Richmond','Alexandria','Norfolk','Charlottesville',6),
('What state did Richie Ren represent?','United States of America','New York City','Washington, D.C.','California',3),
('What state San Francisco located?','California','Florida','Texas','Quebec',3),
('What team does Stan Musial play for now?','St. Louis Cardinals','Chicago Cubs','New York Yankees','Boston Red Sox',5),
('What city did Lee de Forest live in?','Council Bluffs','Gdansk','Aston juxta Mondrum','Sham Shui Po',2),
('What country is the name Yury of Moscow from?','Russia','Azerbaijan','Kazakhstan','Iran',2),
('What is Peru time zone?','Peru Time Zone','Chamorro Time Zone','Mauritius Time Zone','Central European Time Zone',2),
('Where did Elias Lonnrot started his career?','Sammatti','Kabul','Lahore','Gulag',1),
('What is Universe named for?','Universe','Galaxy cluster','Star','Galaxy',2),
('What university did Atisa go to?','Vikramshila','Shaolin Monastery','Theravada','Dongguk University',4),
('What style of art did Edward Steichen do?','Social realism','Trompe-l''œil','Digital photography','American modernism',1),
('What state San Francisco located?','California','Pennsylvania','Quebec','Ontario',6),
('What is Thomas Jefferson party?','Democratic-Republican Party','Pakistan Peoples Party','Hamas','African National Congress',1),
('What is Nashua High School North mascot?','Titan','Boo Hoo the Bear','Devil','Demon Deacon',2),
('What is Lloyd Wright''s dad''s name?','Frank Lloyd Wright','Anne Baxter','Carl Linnaeus','Diana, Princess of Wales',1),
('What is Anne Bacon''s son''s name?','Francis Bacon','Isaac Newton','Thomas Jefferson','Aristotle',2),
('Who are Vietnam''s major trading partners?','Laos','Sudan','China','Con dao',3),
('What is Venus named for?','Planet','Asteroid','Universe','Star',3),
('What team did Isaac Asimov play for first?','Boston University','Amazon.com','NASA','AOL',2),
('What was the name of Honeywell plane?','Honeywell RQ-16 T-Hawk','Lockheed U-2','Fauvel AV.44','Bleriot V',2),
('What is William Franklin''s dad''s name?','Benjamin Franklin','George III of the United Kingdom','Thomas Jefferson','Carl Linnaeus',2),
('Which states does the Canada pass through?','Arctic','France','United States of America','United Kingdom',2),
('Where the Martha''s Vineyard Sign Language language come from?','Sign language','Constructed language','Sacred language','East Geelvink Bay languages',2),
('What college did Bela Bartok?','Franz Liszt Academy of Music, Budapest','Berklee College of Music','Juilliard School','Royal College of Music',1),
('What songs did Kuomintang write?','National Anthem of the Republic of China','Deutschlandlied','The Internationale','Kimigayo',6),
('What style of art did Leonardo da Vinci do?','High Renaissance','Digital photography','Constructivism','Lorenzo Lotto',2),
('Where did Dayton Miller started his career?','United States of America','Virginia','Florida','Texas',6),
('What country is the name Madonna from?','United States of America','France','Canada','United Kingdom',6),
('Where was the first Alexa Internet located?','San Francisco','Gdansk','Treasure Island','Sham Shui Po',2),
('What is Sarah''s son''s name?','Isaac','Terah','Muhammad','Jacob',4),
('What college did Donald F. Glut attend?','University of Southern California','Georgia State University','Yamaguchi University of Human Welfare and Culture','Maharishi Mahesh Yogi Vedic University',6),
('What tv shows are taped in Charlotte?','NBC Nightside','Gettysburg','The Birth of a Nation','Gone with the Wind',6),
('What party was George W. Bush from?','Republican Party','National League','Major League Baseball','American League',5),
('What is the primary language of England?','English Language','Middle English','Old English','Norman language',6),
('Who is the owner of the Toronto Raptors?','Maple Leaf Sports & Entertainment','Mark Cuban','Comcast Spectacor','Conn Smythe',3),
('What are major religions in the France?','Catholicism','Islam','Buddhism','Christianity',3),
('Where does the Plains Indian Sign Language language come from?','United States of America','Roman Empire','Kenya','Nigeria',3),
('What is the newspaper in Saskatoon?','The StarPhoenix','The Guardian','The New York Times','The Washington Post',3),
('What is the mascot of Washington and Lee University?','General','Yorktown High School','Gear','Gorlok',1),
('What countries did Pancho Villa work?','Mexico','Peru','Brazil','South Africa',2),
('Who played Benito Mussolini on all in the family?','George C. Scott','Robin Williams','Jane Fonda','Martin Sheen',3),
('What illness does Pope John Paul II have?','Parkinson''s disease','Cellulitis','Squamous cell papilloma','Palpitation',4),
('What city did Robert Ley live in?','Germany','North Sea','German Empire','Cologne',2),
('Who plays Dorothy Gale in The Wiz?','Diana Ross','Bob Dylan','Judy Garland','Evan Ross',1),
('Who plays The Tramp in The Kid?','Charlie Chaplin','Andy Warhol','Harold Lloyd','Sydney Chaplin',1),
('What is the name of the first prophet of Buddhism?','Gautama Buddha','Bodhidharma','Nagarjuna','Xuanzang',4),
('What is the name of the money used in India?','Indian rupee','Bhutanese ngultrum','Euro','United States Dollar',3),
('What country is the name David Oistrakh from?','Soviet Union','Roman Empire','British Raj','Indonesia',1),
('What country is the name Charles Peirce from?','United States of America','Nazi Germany','First French Empire','Grand Duchy of Mecklenburg-Schwerin',2),
('What is Udit Narayan''s son''s name?','Aditya Narayan','Roger Ebert','Steven Spielberg','Martin Scorsese',1),
('What are the most common religions in the Poland?','Catholicism','Glasite','Wisconsin Evangelical Lutheran Synod','dao Mau',6),
('What form of government does Azerbaijan use?','National Assembly','U.S. Agency for Toxic Substances and Disease Registry','Cape Provincial Council','United States Bureau of Reclamation',2),
('What are the basic beliefs of Pure Land Buddhism?','Nirvana','Pyaar','Svadhyaya','Vedanta',1),
('What type of government system does Israel have?','Parliamentary system','Democracy','Unitary state','Representative democracy',2),
('What is the official language of Iran called?','Persian Language','Instant messaging','Persian Sign Language','jQuery',2),
('What is the capital city of Soviet Union?','Moscow','Jerusalem','Kiev','Beirut',6),
('What is the currency name of Brazil?','Brazilian real','Kronenthaler','Lombardy-Venetia florin','British West Indies dollar',2),
('What country did Asha Bhosle represent?','India','Royal Lao Government in Exile','Grand Duchy of Baden','Bophuthatswana',1),
('What is the name of the capital of Mexico?','Mexico City','Sonoran Desert','Mogadishu','Chihuahuan Desert',2),
('What does Mia Hamm compete in?','Football','Volleyball','Boxing','Ice Hockey',2),
('What is the newspaper in Greater London?','Daily Mail','Los Angeles Times','The Guardian','The New York Times',1),
('What year did Italy national football team win the championship?','1982 FIFA World Cup','2006 UEFA Champions League Final','Memorial Cup','World Rally Championship',5),
('What is the name of the capital of United States of America?','Washington, D.C.','Milan','Rome','Paris',2),
('What country is the name Madonna from?','United States of America','Byzantine Empire','Cote d’Ivoire','Nazi Germany',1),
('What countries did Wilhelm Eduard Weber work?','Germany','Hungary','Czech Republic','Austria',2),
('What city did Bertrand Russell live in?','Trellech','Bischofroda','Nazi Germany','Alforque',2),
('Who plays Mock Turtle in Alice in Wonderland?','Ringo Starr','Anthony Newley','Carol Channing','Roddy McDowall',1),
('What country did Frank Sinatra live in?','Hoboken','Jackson','Congress Poland','Jordan',1),
('What is United States Naval Academy mascot?','Bill the Goat','Anchor','Gear','Privateer',2),
('What highschool did Benjamin Franklin go to?','Boston Latin School','United States Military Academy','Naval War College','United States Naval Academy',6),
('What wars did Douglas Engelbart lead?','World War II','Operation Biting','V-1 and V-2 Intelligence','Alsos Mission',2),
('Who plays Vint Cerf in lords of dogtown?','Interview','Ning','Server','Jukebox',2),
('Where did Charlotte Bronte started his career?','Haworth','Massachusetts General Hospital','White House','Johns Hopkins Hospital',2),
('What country does Paris come under?','France','Israel','India','Guinea',4),
('Where the Chilean Sign Language language come from?','Sign language','Duru languages','Khoe languages','Mel languages',2),
('What techniques did Alfred Stieglitz use in her paintings?','American modernism','Generative art','Trompe-l''œil','Digital photography',1),
('What language do the speak in China?','Standard Mandarin','Hebrew Language','Arabic Language','English Language',4),
('What state did John Lindsay represent?','New York City','New York','Manhattan','Brooklyn',1),
('What is Barack Obama party?','Democratic Party','Black Panther Party','Communist Party USA','Independent',3),
('What is the official language of Russia called?','Russian Language','Azerbaijani language','Persian Language','Georgian Language',2),
('With which countries does Nigeria trade?','United States of America','France','Canada','United Kingdom',2),
('What is John Lloyd Wright''s dad''s name?','Frank Lloyd Wright','Alexander Graham Bell','George W. Bush','Aristotle',2),
('What part of the world is Indira Gandhi International Airport in?','India','Goa','Varanasi','Bodh Gaya',4),
('Who are senators from Bude?','Francis Drake','Louis Riel','Davy Crockett','Herodotus',2),
('What was Brassai job?','Photographer','Photojournalism','Picture editor','Wildlife biologist',1),
('What language do Arab people indians speak?','Arabic Language','Judeo-Moroccan','Hebrew Language','English Language',4),
('What is the University of Minnesota mascot?','Goldy Gopher','Bison','Bobcat','Privateer',7),
('What is the mascot of T. C. Williams High School?','Titan','Willie the Wildcat','YoUDee','Ralphie the Buffalo',1),
('What is the state flag of United Kingdom called?','Flag of the United Kingdom','Flag of Mandatory Palestine','Flag of the Estonian Soviet Socialist Republic','Flag of the Azerbaijan Soviet Socialist Republic',6),
('What type of government does the Roman Empire have?','Autocracy','Communist state','Direct democracy','Sociocracy',1),
('What else did Lee de Forest invent?','Triode','World Wide Web','Television','Microsoft Windows',2),
('What business does Harold Scott MacDonald Coxeter do?','Mathematician','Computer Scientist','Mathematics','Translation',2),
('What songs does Henry VIII of England sing?','Pastime with Good Company','Madama Butterfly','Tosca','Turandot',2),
('What government does Hungary have?','Parliamentary republic','Republic','Unitary state','Parliamentary system',2),
('What kind of money does Canada?','Canadian dollar','Euro','United States Dollar','UK £',7),
('What team did Clifford A. Pickover play for first?','IBM','NASA','International Union for Conservation of Nature and Natural Resources','ChemSpider',2),
('What highschool did Rosa Luxemburg go to?','University of Zurich','Bauhaus','Lviv Polytechnic','Lviv University',6),
('Where is Ashoka grave?','Ganges','Kyoto','Potala Palace','Gilgit',4),
('What highschool did Dorothea Lange go to?','Columbia University','Columbia Business School','Union Theological Seminary in the City of New York','Barnard College',3),
('What business does Daniel Day-Lewis do?','Actor','Comedian','Playwright','Poet',1),
('What killed Saint Peter?','Crucifixion','Myocardial infarction','Suicide','Torture',4),
('What type of government system does Egypt have?','Provisional government','Republic','Unitary state','Semi-presidential system',3),
('What else did Apple invent?','Apple Lisa','Macintosh','iPhone','iPad',2),
('What are the most common religions in the Azerbaijan?','Islam','Shaivism','Tibetan Buddhism','Vajrayana',5),
('Where did United States of America originate?','North America','Virginia','Florida','South Carolina',6),
('Who does French Guiana belong to?','France','United States of America','United Kingdom','Germany',6),
('What wars did Pope Benedict XVI lead?','World War II','Fall of Constantinople','English Civil War','Thirty Years'' War',4),
('What does the Soviet Union state flag look like?','Flag of the Soviet Union','Flag of the United Kingdom','Jolly Roger','Flag of Japan',6),
('What highschool did Dorothea Lange go to?','Columbia University','University of California, Berkeley','Harvard University','Yale University',6),
('What kind of money does United States of America?','United States Dollar','German Rentenmark','German papiermark','German ostmark',6),
('Where did United States of America originate?','North America','Berkeley','Harvard College','National Geographic Society',3),
('Where the Australian Sign Language language come from?','Sign language','Luo languages','Siouan languages','Nkambe languages',2),
('What is Bill Clinton''s son''s name?','Chelsea Clinton','Janet Reno','Carol Browner','Al Gore',6),
('What is William Lawrence Bragg''s dad''s name?','William Henry Bragg','Albert Einstein','J. R. R. Tolkien','Joseph John Thomson',2),
('Where did prophet David Hilbert died?','Gottingen','Nazi Germany','St Paul''s Cathedral','National Library of France',2),
('What is Elvis Presley''s son''s name?','Lisa Marie Presley','Priscilla Presley','Wanda Jackson','Cissy Houston',4),
('Where did Osceola live after the civil war?','Florida','Miami','Orlando','Jacksonville',6),
('What type of music did Bill Cosby play?','Comedy','Musical theatre','Film score','Soundtrack album',1),
('Who plays Superman in Superman and the Mole Men?','George Reeves','Steven Spielberg','Phyllis Coates','Martin Scorsese',1),
('What is the name of the first prophet of Confucianism?','Confucius','Martin Luther','Muhammad','Jesus Christ',3),
('What was the capital of ancient Israel?','Jerusalem','Toledo','Rome','Paris',4),
('What is the major language of Turkey?','Turkish Language','Ladino Language','Hebrew Language','English Language',4),
('What state did Theodore Roosevelt live in?','United States of America','Florida','Texas','Illinois',3),
('What is the state flag of United States of America called?','Flag of the United States','Flag of Baden','Flag of the African Union','Moldova',6),
('What sport do the New York Yankees play?','Baseball','College baseball','Softball','Pesapallo',5),
('Where the Polish Language language come from?','Lechitic languages','Sami languages','Sorbian languages','Berber languages',7),
('What is language in Venezuela?','Spanish Language','Instant messaging','jQuery','Notre Language',2),
('What country did David come from?','Jerusalem','Israel','Kingdom of Jerusalem','Rome',4),
('What is the name of the first prophet of Islam?','Muhammad','Confucius','Gautama Buddha','Jesus Christ',3),
('What is University of Minnesota mascot?','Goldy Gopher','Anchor','Lumberjack','Friar',1),
('What state is OCLC located?','Ohio','Japan','France','Germany',3),
('What is Oregon State University mascot?','Benny Beaver','Knightro','Warrior','Bighorn sheep',2),
('What is James Mill''s son''s name?','John Stuart Mill','Bertrand Russell','Aristotle','Plato',2),
('What language does the country Egypt speak?','Modern Standard Arabic','Hebrew Language','Arabic Language','English Language',4),
('What school did Internet Archive establish?','International Internet Preservation Consortium','Beat Generation','Rhymers'' Club','Project Gutenberg',1),
('Who was the emperor before Caligula?','Tiberius','Nero','Theodosius I','Claudius',3),
('What type of currency is used in United Kingdom?','UK £','Gibraltar pound','Cayman Islands dollar','Falkland Islands pound',7),
('What kind of money is used in Germany?','Euro','Roman currency','South German gulden','Franc',2),
('What illness does Diana, Princess of Wales have?','Bulimia nervosa','AIDS','Cholera','Hypothermia',1),
('What part of the world is Southern United States in?','United States of America','South America','New York City','California',7),
('What is the name of the money used in Canada?','Canadian dollar','Paraguayan guarani','UK £','Japanese yen',2),
('Where did Abraham Joshua Heschel live after the civil war?','United States of America','Los Alamos','Attu Island','Oak Ridge',6),
('Who was vice president under Ronald Reagan?','George H. W. Bush','Jane Wyman','Maureen Reagan','Patti Davis',1),
('Where is located International Society for Krishna Consciousness?','Mayapur','Bhutan','Nepal','Lahore',4),
('What is Barack Obama party?','Democratic Party','Pakistan Peoples Party','Hamas','African National Congress',1),
('What style of art did Francois Rude do?','Romanticism','Magic realism','Modernism','Symbolism',1),
('What is the name of the first prophet of Zoroastrianism?','Zoroaster','Martin Luther','Muhammad','Jesus Christ',6),
('What is the name of the first prophet of Din-e Ilahi?','Akbar','Guru Gobind Singh','Gautama Buddha','Guru Nanak Dev',4),
('What state did Babe Ruth live in?','Baltimore','Pittsfield','Bloxworth','Cooperstown',5),
('What team does Johnny Bench play for now?','Cincinnati Reds','Chicago Cubs','New York Yankees','Boston Red Sox',5),
('What kind of voting system does Israel have?','Parliamentary system','Authoritarianism','Juche','Theocracy',4),
('Where is Jerusalem exactly located?','Israel','Israel Museum','Iberian Peninsula','Hebrew University of Jerusalem',4),
('Who did George Dewey play in twilight?','The Battle Cry of Peace','Lawrence of Arabia','Schindler''s List','Gone with the Wind',6),
('What is the name of the first prophet of Islam?','Muhammad','Martin Luther','Confucius','Jesus Christ',2),
('What movie is David Forrest directing?','One of Our Dinosaurs Is Missing','Jurassic Park','King Kong Escapes','Godzilla',6),
('What is Druid Hills High School mascot?','Devil','Rocky','Unicorn','Demon',1),
('Where was Library of Congress an international environmental organization founded?','Washington, D.C.','Jerusalem','Pakistan','Beirut',1),
('What city is the Dominican Order in?','Rome','Israel','University of Santo Tomas','Paris',4),
('What state did John F. Kennedy represent?','United States of America','Atlanta','New Orleans','New Mexico',2),
('What is Conrad Russell, 5th Earl Russell''s dad''s name?','Bertrand Russell','Richard Dawkins','William James','Noam Chomsky',1),
('What is John Calvin''s dad''s name?','Gerard Cauvin','Martin Luther','Barack Obama','Charlemagne',4),
('What state is Internet Archive located?','California','San Francisco','Mountain View','Milpitas',1),
('What highschool did James Mark Baldwin go to?','Princeton University','University of Virginia','California Institute of Technology','National Institutes of Health',2),
('Who plays Sherlock Holmes in Without a Clue?','Michael Caine','Ben Kingsley','Paul Freeman','Jeffrey Jones',1),
('What is the newspaper in Greenwich Village?','Washington Square News','Estes Park Trail-Gazette','The Economist','Houston Defender',1),
('What is the capital of Ile-de-France state?','Paris','Milan','Brisbane','Hiroshima',6),
('Which states does the Canada pass through?','Arctic','France','United States of America','United Kingdom',3),
('What college did Narendra Modi attend?','Gujarat University','Banaras Hindu University','Jamia Millia Islamia','Darul Uloom Deoband',4),
('What language does people in Germany speak?','German Language','Greek Language','Romanian Language','Luxembourgish language',2),
('What all did Sony Corporation own?','S-LCD','Hulu','NBCUniversal','ESPN',3),
('What is currency in United States of America?','United States Dollar','Thurgau frank','Geneva thaler','AM-Franc',3),
('What was the name of Smithsonian Institution plane?','Langley Aerodrome','Airbus A330','Folland Midge','Breda Ba.25',1),
('What is Shirley MacLaine''s son''s name?','Sachi Parker','Sigmund Freud','Barack Obama','Warren Beatty',2),
('Where is Patriarch Nikon from?','Russia','Primorsk','Derbent','Amur Oblast',2),
('What state is Barack Obama from?','Illinois','Holy Roman Empire','Williamsburg','Rome',4),
('What country is the name Mark Twain from?','United States of America','Canada','United Kingdom','India',3),
('What are the major religions in Russia?','Islam','Moravian Church','Jehovah''s Witnesses','Seventh-day Adventist Church',6),
('What is Barack Obama party?','Democratic Party','Columbia','Amazon.com','MetaBrainz Foundation',1),
('What is the name of the first prophet of Buddhist philosophy?','Gautama Buddha','Martin Luther','Muhammad','Jesus Christ',7),
('What team did Alan Lomax play for first?','Library of Congress','The Guardian','YouTube','National Library of France',1),
('What team did Alan Lomax play for first?','Library of Congress','Microsoft Corporation','Amnesty International','Federal Bureau of Investigation',3),
('What is the name of currency used in Mongolia?','Mongolian togrog','Thai baht','Kazakhstani tenge','Bangladeshi taka',1),
('Who played Grimlock?','Gregg Berger','Alan Feduccia','James Gurney','Donald F. Glut',6),
('What songs did Elvis Presley write?','All Shook Up','Wooden Heart','Can''t Help Falling in Love','Suspicious Minds',1),
('Where was the first Advertising Standards Authority located?','United Kingdom','France','United States of America','Germany',6),
('What government does Czech Republic have?','Parliamentary republic','Republic','Unitary state','Parliamentary system',7),
('What is Elvis Presley''s son''s name?','Lisa Marie Presley','Ricky Nelson','James Burton','Carl Perkins',1),
('What is the primary language of Vietnam?','Vietnamese Language','Yonggom Language','Lachixio Zapotec Language','Old Frisian',3),
('What year did Barack Obama run for president?','2008 Democratic National Convention','War on Terrorism','September 11 attacks','Human Genome Project',2),
('What is the name of currency used in Bangladesh?','Bangladeshi taka','Thai baht','Mongolian togrog','Kazakhstani tenge',1),
('What is the capital of Austria state?','Vienna','Milan','Burgenland','Trieste',6),
('What kind of money is used in Canada?','Canadian dollar','Spanish real','Ticinese franco','German Reichsmark',6),
('What things did Robert Metcalfe invent?','Ethernet','Internet Protocol','World Wide Web','Web browser',3),
('Where the Australian Sign Language language come from?','Sign language','Constructed language','Idomoid languages','English-based creole languages',2),
('What is the current government system in Czech Republic?','Parliamentary republic','Republic','Unitary state','Parliamentary system',3),
('What religion did Leonhard Euler follow?','Calvinism','United Secession Church','Presbyterian Church in America','Animism',2),
('What state was Hillary Rodham Clinton governor of?','United States of America','Berkeley','Austin','Boston',3),
('What things did Samuel Johnson invent?','A Dictionary of the English Language','Piano','Betamax','Electric guitar',1),
('What country is the name Ivan I of Moscow from?','Russia','Azerbaijan','Kazakhstan','Iran',2),
('Who plays Godzilla in Godzilla vs. King Ghidorah?','Kenpachiro Satsuma','Alan Feduccia','James Gurney','Donald F. Glut',6),
('What illness does Friedrich Holderlin have?','Hypochondriasis','Menopause','Paranoia','Endometriosis',1),
('What is George W. Bush party?','Republican Party','National Register of Historic Places','Internet Archive','YouTube',2),
('What are major religions in the France?','Catholicism','Islam','Buddhism','Christianity',3),
('What is language in Bhutan?','Nepali Language','Santali Language','Bengali Language','Sanskrit Language',4),
('What is the capital of Province of Florence state?','Florence','Venice','Guangzhou','Cologne',2),
('Where do most of the people live in India?','New Delhi','Kathmandu','Kabul','Kashgar',4),
('What influenced Duke Ellington to be an artist?','Claude Debussy','Nat King Cole','Boris Vian','The Beatles',1),
('What is Luis Walter Alvarez''s dad''s name?','Walter C. Alvarez','Albert Einstein','J. R. R. Tolkien','Aristotle',2),
('What is Benjamin Peirce''s son''s name?','Charles Peirce','Immanuel Kant','William James','Herbert Spencer',2),
('What influenced Tantek celik''s work?','Tim Berners-Lee','Linus Torvalds','Jimmy Wales','Richard Stallman',3),
('Who plays Yoshi wife?','Shigefumi Hino','Alan Feduccia','Peter David','Donald F. Glut',6),
('What highschool did Leo Tolstoy go to?','Kazan Federal University','Columbia University','Yale University','Stanford University',7),
('What is the name of the capital of United States of America?','Washington, D.C.','Lisbon','Kiev','Amsterdam',5),
('What are major religions in the Adana?','Islam','Judaism','Buddhism','Hinduism',3),
('What state is David Dinkins from?','Manhattan','New York','City of Westminster','New York City',1),
('What language do they speak South Vietnam?','French Language','Sinhala Language','Bengali Language','Sanskrit Language',4),
('What is the name of currency used in Kazakhstan?','Kazakhstani tenge','Thai baht','Mongolian togrog','Bangladeshi taka',1),
('What highschool did John Bell Hood go to?','United States Military Academy','University of Virginia','University of Georgia','University of North Carolina at Chapel Hill',6),
('Who does Bill Clinton represent?','Democratic Party','Columbia','Amazon.com','MetaBrainz Foundation',1),
('What things did Louis Daguerre invent?','Daguerreotype','Photography','Color photography','Digital camera',1),
('What is currency in United States of America?','United States Dollar','Euro','Bahamian dollar','Panamanian balboa',3),
('What part of the world is Darß in?','Germany','North Sea','Cologne','Baltic Sea',2),
('What is Lugoff-Elgin High School mascot?','Demon','Devil','Rocky','Unicorn',1),
('What is the name of the first prophet of Buddhism?','Gautama Buddha','Muhammad','Xuanzang','Jesus Christ',2),
('What is Vladimir Vladimirovich Nabokov''s son''s name?','Dmitri Nabokov','Charles Dickens','James Joyce','Edgar Allan Poe',1),
('What is Milky Way named for?','Galaxy','Universe','Galaxy cluster','Star',2),
('What countries did Dayton Miller work in?','United States of America','Strongsville','New York City','California',6),
('What state did Cy Young live in?','Gilmore, Ohio','Pittsfield','Cooperstown','Carazo Department',5),
('What does Brandi Chastain compete in?','Football','Volleyball','Boxing','Ice Hockey',2),
('What country does Lagunes come under?','Cote d’Ivoire','Byzantine Empire','Nazi Germany','Babylon',1),
('What is the language used in South Korea?','Korean Language','Greek Language','Koine Greek','Ancient Greek',2),
('What country is the name Alfred Stieglitz from?','United States of America','Cote d’Ivoire','United Kingdom','Old Swiss Confederacy',1),
('What was Peter Hollingworth job?','Bishop','Pastor','Priest','Missionary',4),
('What does Kate Markgraf compete in?','Football','Archery','Ice Hockey','Cycling',3),
('What language do United Kingdom?','English Language','Ladino Language','Cornish Language','German Language',7),
('Where did Hong Kong originate?','Asia','Africa','North America','Europe',1),
('What business does William Osler do?','Physician','Surgeon','Ophthalmology','Pediatrics',2),
('What is the language used in Estonia?','Finnish Language','Swedish Language','Chinese language','Ancient Greek',3),
('Where is Sophie Tucker from?','Russia','Primorsk','Derbent','Amur Oblast',2),
('Where did Henri Cartier-Bresson started his career?','Montjustin','Monticello','George Washington Bridge','Fort Monroe',1),
('What position does Tommy Lee Jones play?','Tackle','Lock','Defensive back','Basketball positions',1),
('What is the state flag of Soviet Union called?','Flag of the Soviet Union','Flag of the Kalmar Union','Patriote flag','Flag of Saint Lucia',1),
('What religion does Steven Spielberg follow?','Judaism','Creationism','Jedi','National Baptist Convention, USA, Inc.',1),
('What is time zone in Nepal?','Nepal Time Zone','Hong Kong Time Zone','Venezuela Time Zone','Eastern Time Zone',4),
('What state was George Wallace governor of?','Alabama','Tohaku District, Tottori','Dunstable','Colonial Heights',1),
('What was Gerald Edelman famous for?','Physician','Surgeon','Ophthalmology','Pediatrics',2),
('What government does Hungary have?','Parliamentary republic','French Directory','National Convention','French Consulate',7),
('What type of music was Ken Dodd noted for?','Comedy','Musical theatre','Film score','Soundtrack album',1),
('What war was Winston Churchill president for?','World War II','July 12, 2007 Baghdad airstrike','Siege of Kehl','Battle of Deutschbrod',1),
('Where did Abraham Joshua Heschel started his career?','United States of America','Baltimore','Pittsburgh','Washington, D.C.',2),
('What is the currency name of Australia?','Australian dollar','Solomon Islands pound','Westphalian frank','Greenlandic rigsdaler',5),
('What country does Taiwan trade with?','United States of America','Malaysia','Germany','Russia',6),
('What is the money called in United Kingdom?','UK £','Argentine real','Mohur','Chervonets',5),
('Who played Big Bird in Sesame Street?','Caroll Spinney','Snoop Dogg','Jim Henson','Johnny Cash',1),
('Who do Dave Winfield play for?','Philadelphia Phillies','Chicago Cubs','New York Yankees','San Diego Padres',5),
('What language do they speak in Italy?','Italian Language','Greek Language','Romanian Language','English Language',2),
('What is the capital of Veneto state?','Venice','Atlanta','Barcelona','Syracuse',1),
('What is the name of the capital of Commonwealth of England?','London','Italia Conti Academy of Theatre Arts','Pretoria','Royal Ballet School',1),
('In what timezone is France?','Central European Time Zone','Greenwich Mean Time Zone','Coordinated Universal Time','Eastern European Time Zone',2),
('What is the language used in Slovakia?','Hungarian language','Slovak Language','Polish Language','German Language',7),
('Who plays King Koopa in Super Mario Bros.?','Dennis Hopper','Charlie Chaplin','Andy Warhol','Marilyn Monroe',1),
('What is the name of the first prophet of Confucianism?','Confucius','Martin Luther','Gautama Buddha','Jesus Christ',3),
('Where is United States of America exactly located?','North America','Poland','Illinois Institute of Technology','Romania',6),
('What countries did Babe Ruth work?','United States of America','Kiribati','Duchy of Saxony','Western Sahara',5),
('Who plays Mickey Mouse in The Little Whirlwind?','Walt Disney','Jimmy MacDonald','Alan Young','Stan Freberg',2),
('What continent is Passamaquoddy Pleasant Point Reservation apart of?','United States of America','New York City','Washington, D.C.','California',6),
('What team does Ha Tae-Goon play for now?','Suwon Samsung Bluewings','NEC Green Rockets','Sony Sendai F.C.','PSV Eindhoven',2),
('Who are senators from Athens?','Dora Bakoyannis','Thomas Jefferson','Barack Obama','Al Gore',1),
('In what country is Guam?','United States of America','France','United Kingdom','Germany',6),
('Where the Chilean Sign Language language come from?','Sign language','Constructed language','Malibu languages','Brittonic languages',2),
('What style of art is Marina Abramovic?','Performance','Piano','Bass guitar','Jazz',1),
('What government did Czech Republic have?','Parliamentary republic','Antarctic Treaty System','Direct democracy','Totalitarianism',2),
('What is the name of the first prophet of Baha''i Faith?','Baha''u''llah','Martin Luther','Muhammad','Jesus Christ',2),
('Who founded Library of Congress?','John Adams','Ansel Adams','Internet Archive','Sony Corporation',1),
('What state did John F. Kennedy represent?','United States of America','Baltimore','Pittsburgh','Washington, D.C.',2),
('What year did Dayananda Saraswati die and how old was he?','Poison','Death from laughter','Sati','Breast cancer',4),
('Who was the emperor before Claudius?','Caligula','Theodosius II','Nero','Theodosius I',3),
('What state did Julie Christie represent?','India','Goa','Kochi','Taj Mahal',4),
('What is the newspaper in Florida?','Cleveland Scene','The Beacon','Tallahassee Democrat','Folio Weekly',6),
('What school did Pieter Zeeman attend?','Leiden University','New England Culinary Institute','Wisconsin International School','Dow University of Health Sciences',2),
('What are the airports in Japan?','Naval Air Facility Atsugi','Kobe Airport','Kansai International Airport','Narita International Airport',2);
